The A-Team,ATeam
A.U.S.A.,AUSA
Aaahh!!! Real Monsters,AaahhRealMonsters
Aaron's Way,AaronsWay
Abbott and Costello Show,AbbottandCostelloShow
Abby,Abby
Above the Law,AbovetheLaw
Absolutely Fabulous,AbsolutelyFabulous
Acapulco H.E.A.T.,AcapulcoHEAT
According to Jim,AccordingtoJim
Ace of Wands,AceofWands
Ace Ventura: Pet Detective,AceVenturaPetDetective
Action,Action
Action Man (1995,ActionMan_1995
Action Man (2000,ActionMan_2000
Actors Studio,ActorsStudio
Adam Adamant Lives!,AdamAdamantLives
Adam-12,Adam12
The Addams Family (1964),AddamsFamily
The Addams Family (1973,AddamsFamily_1973
The Addams Family (1992,AddamsFamily_1992
(The New) Addams Family (1998),NewAddamsFamily
Adderly,Adderly
Adventure Inc.,AdventureInc
Adventures in Paradise,AdventuresinParadise
Adventures of Brisco County&#44; Jr.,AdventuresofBriscoCountyJr
Adventures of Don Quick,AdventuresofDonQuick
Adventures of Gulliver,AdventuresofGulliver
Adventures of Hiram Holliday,AdventuresofHiramHolliday
Adventures of Jim Bowie,AdventuresofJimBowie
Adventures of Jimmy Neutron,AdventuresofJimmyNeutron
Adventures of Rin Tin Tin,AdventuresofRinTinTin
Adventures of Robin Hood (1955),AdventuresofRobinHood
Advs. of Shirley Holmes&#44; Detective,AdventuresofShirleyHolmes
Adventures of Sinbad,AdventuresofSinbad
The Adventures of Skippy (1991),AdventuresofSkippy
Adventures of Superman (1952),AdventuresofSuperman
Adventures of the Black Stallion,AdventuresoftheBlackStallion
Advs. of the Galaxy Rangers,AdventuresoftheGalaxyRangers
Adventures of William Tell (1958),AdventuresofWilliamTell
Aeon Flux,AeonFlux
After Henry,AfterHenry
Against the Grain,AgainsttheGrain
Against the Law,AgainsttheLaw
The Agency,Agency
Agony,Agony
Agony Again,AgonyAgain
Air America,AirAmerica
Airline,Airline
Airline (US 2004),Airline_2004
Airline UK,AirlineUK
Airwolf,Airwolf
Aladdin,Aladdin
Alaskans,Alaskans
Alexei Sayle's Stuff,AlexeiSaylesStuff
ALF,ALF
Alf,Alf_anim
Alf Tales,AlfTales
Alfred Hitchcock Presents (1955),AlfredHitchcockPresents
Alfred Hitchcock Presents (1985),AlfredHitchcockPresents_1985
Alias,Alias
Alias Smith and Jones,AliasSmithandJones
Alice,Alice
Alien Nation,AlienNation
Alien Racers,AlienRacers
Alienated,Alienated
Alienators: Evolution Continues,AlienatorsEvolutionContinues
Aliens in the Family (US),AliensintheFamily_US
All About the Andersons,AllAbouttheAndersons
All About Us,AllAboutUs
All Along the Watchtower,AllAlongtheWatchtower
All-American Girl,AllAmericanGirl
All at No. 20,AllatNo20
All Creatures Great and Small,AllCreaturesGreatandSmall
All Dogs Go to Heaven,AllDogsGotoHeaven
All Grown Up,AllGrownUp
All in Good Faith,AllinGoodFaith
All in the Family,AllintheFamily
All is Forgiven,AllisForgiven
All of Us,AllofUs
All Souls,AllSouls
The Alleyn Mysteries,AlleynMysteries
Ally,Ally
Ally McBeal,AllyMcBeal
Almost Home,AlmostHome
Almost Perfect,AlmostPerfect
Alright Already,AlrightAlready
Always Greener,AlwaysGreener
Amanda's,Amandas
Amazing Chan and the Chan Clan,AmazingChanandtheChanClan
Amazing Grace,AmazingGrace
Amazing Live Sea Monkeys,AmazingLiveSeaMonkeys
The Amazing Race,AmazingRace
The Amazing Spider-Man,AmazingSpiderMan
Amazing Stories,AmazingStories
(Peter Benchley's) Amazon,Amazon
The Ambassador,Ambassador
America 2 Night,America2Night
America's Next Top Model,AmericasNextTopModel
American Candidate,AmericanCandidate
American Casino,AmericanCasino
American Dad,AmericanDad
American Dragon: Jake Long,AmericanDragonJakeLong
American Dream,AmericanDream
American Dreamer,AmericanDreamer
American Dreams,AmericanDreams
American Embassy,AmericanEmbassy
American Family,AmericanFamily
American Gothic,AmericanGothic
American High,AmericanHigh
American Idol,AmericanIdol
Amish in the City,AmishintheCity
Amos 'n Andy,AmosandAndy
Andromeda,Andromeda
The Andy Griffith Show,AndyGriffithShow
Andy Richter Controls the Universe,AndyRichterControlstheUniverse
Angel,Angel
Angel Street,AngelStreet
Angelina Ballerina,AngelinaBallerina
Angie,Angie
Angry Beavers,AngryBeavers
Animal Atlas,AnimalAtlas
Animal Face-Off,AnimalFaceOff
Animorphs,Animorphs
Anna and the King,AnnaandtheKing
Anna Lee,AnnaLee
Anne of Green Gables,AnneofGreenGables
Annie Oakley,AnnieOakley
The Antagonists,Antagonists
Anthony Ant,AnthonyAnt
Any Day Now,AnyDayNow
Anything But Love,AnythingButLove
Apple's Way,ApplesWay
The Apprentice,Apprentice
The Apprentice: Martha Stewart,ApprenticeMarthaStewart
Aqua Teen Hunger Force,AquaTeenHungerForce
Arabian Knights,ArabianKnights
Archer,Archer
Archie Bunker's Place,ArchieBunkersPlace
Archie's Weird Mysteries,ArchiesWeirdMysteries
Are You Afraid of the Dark?,AreYouAfraidoftheDark
Are You Being Served?,AreYouBeingServed
Ark II,ArkII
Arli$$,Arliss
The Army Show,ArmyShow
Arrested Development,ArrestedDevelopment
Arresting Behavior,ArrestingBehavior
Arsenio,Arsenio
Arthur of the Britons,ArthuroftheBritons
As If (UK),AsIf_UK
As If (US),AsIf_US
As Time Goes By,AsTimeGoesBy
As Told by Ginger,AsToldbyGinger
The Ashlee Simpson Show,AshleeSimpsonShow
Ask Harriet,AskHarriet
The Associates (1979),Associates
The Associates (2001),Associates_2001
Astro Boy (2004),AstroBoy_2004
Atlantis High,AtlantisHigh
Atomic Betty,AtomicBetty
Attachments,Attachments
Attack of the Killer Tomatoes,AttackoftheKillerTomatoes
Auf Wiedersehen&#44; Pet,AufWiedersehenPet
Austin City Limits,AustinCityLimits
Austin Stories,AustinStories
Automan,Automan
Avatar: The Last Airbender,AvatarTheLastAirbender
Avengers,Avengers
Avengers,Avengers_1999
Average Joe,AverageJoe
Avonlea,Avonlea
B.J. and the Bear,BJandtheBear
B.L. Stryker,BLStryker
Babar,Babar
Baby Blues,BabyBlues
Baby Bob,BabyBob
Baby Looney Tunes,BabyLooneyTunes
Baby Talk,BabyTalk
Babylon 5,Babylon5
Back to Sherwood,BacktoSherwood
Back to the Future,BacktotheFuture
Bad Girls,BadGirls
The Bad Girl's Guide,BadGirlsGuide
Baddiel's Syndrome,BaddielsSyndrome
The Baker Street Boys,BakerStreetBoys
Bakersfield P.D.,BakersfieldPD
Ballykissangel,Ballykissangel
Banacek,Banacek
Bananaman,Bananaman
Band of Brothers,BandofBrothers
Barbara,Barbara
Barbary Coast,BarbaryCoast
Baretta,Baretta
Barnaby Jones,BarnabyJones
Barney Miller,BarneyMiller
The Baron,Baron
Batman,Batman
The Batman (2004),Batman_2004
Batman: The Animated Series,BatmanTheAnimatedSeries
Batman: Gotham Knights,BatmanGothamKnights
Batman Beyond,BatmanBeyond
Battery Park,BatteryPark
Battlestar Galactica (1978),BattlestarGalactica_1978
Battlestar Galactica (2003),BattlestarGalactica
Bay City Blues,BayCityBlues
Baywatch,Baywatch
Baywatch Nights,BaywatchNights
Be the Creature,BetheCreature
Bearcats!,Bearcats
Beast (UK),Beast_UK
The Beast (US),Beast_US
Beast Wars/Beast Machines,BeastWars
Beastmaster,Beastmaster
The Beat,Beat
Beat Route,BeatRoute
Beautiful People,BeautifulPeople
Beauty and the Beast,BeautyandtheBeast
Beauty and the Geek,BeautyandtheGeek
Beavis and Butt-head,BeavisandButthead
Becker,Becker
Bedtime Stories,BedtimeStories
Beetlejuice,Beetlejuice
Beggars and Choosers,BeggarsandChoosers
Being Eve,BeingEve
Benji&#44; Zax and the Alien Prince,BenjiZaxandtheAlienPrince
The Benefactor,Benefactor
Bergerac,Bergerac
The Bernie Mac Show,BernieMacShow
Bert D'Angelo Superstar,BertDAngeloSuperstar
Best of the West,BestoftheWest
The Best Sex Ever,BestSexEver
Bette,Bette
Better Days,BetterDays
Betterman,Betterman
Between Brothers,BetweenBrothers
Between the Lions,BetweentheLions
The Beverly Hillbillies,BeverlyHillbillies
Beverly Hills 90210,BeverlyHills90210
Beverly Hills Buntz,BeverlyHillsBuntz
Beware of Dog,BewareofDog
Bewitched,Bewitched
Beyblade,Beyblade
Beyond Belief: Fact or Fiction?,BeyondBelief
Beyond Reality,BeyondReality
Beyond Westworld,BeyondWestworld
BIG!,BIG
Big Apple,BigApple
Big Bad World,BigBadWorld
Big Brother,BigBrother
The Big Easy,BigEasy
Big Guy & Rusty the Boy Robot,BigGuyandRustytheBoyRobot
The Big House (1998),BigHouse_1998
The Big House (2004),BigHouse_2004
Big Kids,BigKids
Big Meg&#44; Little Meg,BigMegLittleMeg
Big O,BigO
The Big One,BigOne
Big Sound,BigSound
Big Teeth&#44; Bad Breath,BigTeethBadBreath
The Big Valley,BigValley
Big Wolf on Campus,BigWolfonCampus
Bigfoot and Wildboy,BigfootandWildboy
The Biggest Loser,BiggestLoser
Biker Mice from Mars,BikerMicefromMars
Bill & Ted's Excellent Adventures,BillandTedsExcellentAdventures
Bill & Ted's Excellent Adventures,BillandTedsExcellentAdventures_anim
Billy,Billy
Bionic Six,BionicSix
Bionic Woman,BionicWoman
Birdland,Birdland
Birds of Prey,BirdsofPrey
Black Adder,BlackAdder
Black Books,BlackBooks
The Black Sash,BlackSash
Black Scorpion,BlackScorpion
Black Sheep Squadron,BlackSheepSquadron
Black Tie Nights,BlackTieNights
Blackfly,Blackfly
Blackstar,Blackstar
Blake's 7,Blakes7
Bless Me Father,BlessMeFather
Bless This House (US),BlessThisHouse_US
Blind Date,BlindDate
Blind Justice,BlindJustice
Blind Men,BlindMen
Bliss (UK),Bliss
Bliss (CA),Bliss_CA
Blossom,Blossom
Blow Out,BlowOut
Blue Collar TV,BlueCollarTV
Blue Gender,BlueGender
Blue Heelers,BlueHeelers
The Blue Knight,BlueKnight
Blue Light,BlueLight
Blue Murder,BlueMurder
Blue Seed,BlueSeed
Blue Skies (1988),BlueSkies_1988
Blue Skies (1994),BlueSkies
Blue Thunder,BlueThunder
Blue's Clues,BluesClues
Bob,Bob
Bob and Margaret,BobandMargaret
Bob & Rose,BobandRose
The Bob Cummings Show,BobCummingsShow
Bob Morane,BobMorane
Bob Martin,BobMartin
Bob Newhart Show,BobNewhartShow
Bob Patterson,BobPatterson
Bob the Builder,BobtheBuilder
Bobby's World,BobbysWorld
Bodies of Evidence,BodiesofEvidence
Body & Soul,BodyandSoul
Body Hits,BodyHits
Body Work,BodyWork
Bodyguards,Bodyguards
The Bold Ones: The Lawyers,BoldOnesTheLawyers
The Bold Ones: The New Doctors,BoldOnesTheNewDoctors
The Bold Ones: The Protectors,BoldOnesTheProtectors
The Bold Ones: The Senator,BoldOnesTheSenator
Bonanza,Bonanza
Bone Chillers,BoneChillers
Bones,Bones
Bonjour la Classe,BonjourlaClasse
Bonnie Hunt Show,BonnieHuntShow
The Book of Daniel,BookofDaniel
Booker,Booker
Boomtown,Boomtown
The Boondocks,Boondocks
Boon,Boon
Boots and Saddles,BootsandSaddles
Border Patrol,BorderPatrol
Bordertown,Bordertown
Bosom Buddies,BosomBuddies
Boston Blackie,BostonBlackie
Boston Common,BostonCommon
Boston Legal,BostonLegal
Boston Public,BostonPublic
Bottom,Bottom
The Bounder,Bounder
Bourbon Street Beat,BourbonStreetBeat
Boy Meets World,BoyMeetsWorld
The Boys Are Back,BoysAreBack
Braceface,Braceface
Bracken's World,BrackensWorld
The Brak Show,BrakShow
Bram and Alice,BramandAlice
Brand New Life,BrandNewLife
Branded,Branded
Brandy & Mr. Whiskers,BrandyandMrWhiskers
Brat Camp,BratCamp
Brats of the Lost Nebula,BratsoftheLostNebula
Bratz,Bratz
BraveStarr,BraveStarr
Breaking News,BreakingNews
Bret Maverick,BretMaverick
The Brian Benben Show,BrianBenben
Brighton Belles,BrightonBelles
Brilliant!,FastShow
Brimstone,Brimstone
Bring 'Em Back Alive,BringEmBackAlive
Bringing up Jack,BringingupJack
(Advs. of) Brisco County&#44; Jr.,AdventuresofBriscoCountyJr
British Men Behaving Badly,MenBehavingBadly_UK
Britney and Kevin: Chaotic,BritneyandKevinChaotic
The Brittas Empire,BrittasEmpire
The Broad Side,BroadSide
Broken Badges,BrokenBadges
Broker's Man,BrokersMan
Bronco,Bronco
The Bronx Zoo,BronxZoo
Brooklyn Bridge,BrooklynBridge
Brooklyn South,BrooklynSouth
Brother's Keeper,BrothersKeeper
The Brotherhood of Poland&#44; N.H.,BrotherhoodofPolandNH
Brotherly Love,BrotherlyLove
The Brothers Garcia,BrothersGarcia
Brutally Normal,BrutallyNormal
BSTV,BSTV
The Buccaneers,Buccaneers
Buck Rogers in the 25th Century,BuckRogers
Buddies,Buddies
Buddy Faro,BuddyFaro
Buffalo Bill,BuffaloBill
Buffy&#44; the Vampire Slayer,BuffytheVampireSlayer
Bugaloos,Bugaloos
Bugs,Bugs
The Building,Building
Built to Last,BuilttoLast
Bull,Bull
Bureau of Alien Detectors,BureauofAlienDetectors
Burke's Law (1963),BurkesLaw_1963
Burke's Law (1994),BurkesLaw_1994
The Burning Zone,BurningZone
Butch Patterson: Private Dick,ButchPattersonPrivateDick
Butt-Ugly Martians,ButtUglyMartians
Buzz Lightyear of Star Comm,BuzzLightyear
Byrds of Paradise,ByrdsofParadise
C.O.P.S.,COPS
CSI: Crime Scene Investigation,CSI
CSI: Miami,CSIMiami
CSI: NY,CSINY
C-16,C16
Cade's County,CadesCounty
Cadfael,Cadfael
Cadillacs and Dinosaurs,CadillacsandDinosaurs
Caf&#233; Americain,CafeAmericain
Cagney & Lacey,CagneyandLacey
Caitlin's Way,CaitlinsWay
Calamity Jane,CalamityJane
California Dreams,CaliforniaDreams
Call of the Wild,CalloftheWild
Call to Glory,CalltoGlory
Callan,Callan
Camp Lazlo,CampLazlo
Camp Wilder,CampWilder
Campion,Campion
Canada: A People's History,CanadaAPeoplesHistory
Cannon,Cannon
Can't Hurry Love,CantHurryLove
The Cape,Cape
Capitol Critters,CapitolCritters
Captain Butler,CaptainButler
Captain Caveman & the Teen Angels,CaptainCaveman
Captain Midnight,CaptainMidnight
Captain Nice,CaptainNice
Captain Planet & the Planeteers,CaptainPlanet
Captain Power,CaptainPower
Captain Simian & the Space Monkeys,CaptainSimian
Captain Star,CaptainStar
Captain Z-Ro,CaptainZRo
Captain Zep - Space Detective,CaptainZep
Cardcaptors,Cardcaptors
Carnivale,Carnivale
Caroline in the City,CarolineintheCity
Casablanca (1955),Casablanca_1955
Casablanca (1983),Casablanca_1983
Cash and Company,CashandCompany
Casino,Casino
Casualty,Casualty
Catscratch,Catscratch
C.A.T.S. Eyes,CATSEyes
Catweazle,Catweazle
The Cavanaughs,Cavanaughs
Cedric the Entertainer Presents,CedrictheEntertainerPresents
Celebrity Blackjack,CelebrityBlackjack
Celebrity Deathmatch,CelebrityDeathmatch
Celebrity Mole,Mole
Celebrity Poker Showdown,CelebrityPokerShowdown
Centennial,Centennial
Center of the Universe,CenteroftheUniverse
Central Park West,CentralParkWest
The Centurions,Centurions
Century City,CenturyCity
Chalk Zone,ChalkZone
Chambers,Chambers
The Champions,Champions
Champs,Champs
Chandler & Co,ChandlerandCo
The Changes,Changes
Chappelle's Show,ChappellesShow
Charles in Charge,CharlesinCharge
Charlie Grace,CharlieGrace
Charlie Hoover,CharlieHoover
Charlie Lawrence,CharlieLawrence
Charlie's Angels,CharliesAngels
Charmed,Charmed
The Charmings,Charmings
Chase,Chase
Checkmate,Checkmate
Cheers,Cheers
Chef,Chef
Chelmsford 123,Chelmsford123
Cheyenne,Cheyenne
Chicago Hope,ChicagoHope
Chicago Sons,ChicagoSons
Chicago Story,ChicagoStory
Chicken Soup for the Soul,ChickenSoupfortheSoul
The Chimp Channel,ChimpChannel
China Beach,ChinaBeach
Chip 'N Dale's Rescue Rangers,ChipNDaleRescueRangers
Chopper One,ChopperOne
Chris Isaak Show,ChrisIsaakShow
Christy,Christy
The Chronicle,Chronicle
CI5- The New Professionals,CI5-TheNewProfessionals
Cimarron Strip,CimarronStrip
Circle of Fear,GhostStory
Citizen Baines,CitizenBaines
Citizen Reno,CitizenReno
Citizen Smith,CitizenSmith
City Guys,CityGuys
CityKids,CityKids
City of Angels (1976),CityofAngels_1976
City of Angels (2000),CityofAngels
Civil Wars,CivilWars
Class of '96,Classof96
Claude's Crib,ClaudesCrib
Clean Sweep,CleanSweep
Cleghorne!,Cleghorne
Cleopatra 2525,Cleopatra2525
Clerks,Clerks
(John Grisham's) The Client,Client
Clifford the Big Red Dog,CliffordtheBigRedDog
Clifford's Puppy Days,CliffordsPuppyDays
Clone High,CloneHigh
Close to Home,ClosetoHome
The Closer (1998),Closer_1998
The Closer (2005),Closer
Clubhouse,Clubhouse
Clueless,Clueless
Coach,Coach
Code Lyoko,CodeLyoko
Code Name: Eternity,CodeNameEternity
Code Red,CodeRed
Codename: Kids Next Door,CodenameKidsNextDoor
Cold Case,ColdCase
Cold Feet (UK),ColdFeet_UK
Cold Feet (US),ColdFeet
Cold Squad,ColdSquad
Cold Turkey,ColdTurkey
Colditz,Colditz
Colin's Sandwich,ColinsSandwich
The Collector,Collector
Colonel Flack,ColonelFlack
Colonel March of Scotland Yard,ColonelMarch
Columbo (1968),Columbo_1968
Columbo (1989),Columbo_1989
Combat!,Combat
Come Back Mrs. Noah,ComeBackMrsNoah
Come to Papa,CometoPapa
The Comeback,Comeback
Comedy Lab,ComedyLab
The Comic Strip Presents,ComicStripPresents
Coming Soon,ComingSoon
Commander in Chief,CommanderinChief
Commando Cody,CommandoCody
The Commish,Commish
Committed,Committed
Committed,Committed_2001
Common Law,CommonLaw
Complete Savages,CompleteSavages
The Complex: Malibu,ComplexMalibu
Conan,Conan
Conrad Bloom,ConradBloom
Conspiracies,Conspiracies
Conspiracy Zone,ConspiracyZone
The Contender,Contender
Convoy,Convoy
Cop Rock,CopRock
The Corner,Corner
Coronet Blue,CoronetBlue
Cosby,Cosby
The Cosby Mysteries,CosbyMysteries
The Cosby Show,CosbyShow
Costello,Costello
Count Duckula,CountDuckula
The Count of Monte Cristo,CountofMonteCristo
Counterstrike (US),Counterstrike
Counterstrike (UK),Counterstrike_UK
Country Mouse & the City Mouse,CountryMouseandtheCityMouse
Coupling (UK),Coupling
Coupling (US),Coupling_US
The Court,Court
Courthouse,Courthouse
Courting Alex,CourtingAlex
Cousin Skeeter,CousinSkeeter
Cover Me,CoverMe
Covington Cross,CovingtonCross
Cow and Chicken,CowandChicken
Cowboy Bebop,CowboyBebop
C.P.O. Sharkey,CPOSharkey
Cracker (UK),Cracker_UK
Cracker (US),Cracker_US
Cracking Up,CrackingUp
Crazy Like a Fox,CrazyLikeaFox
The Crew,Crew
Crime Story,CrimeStory
Crime & Punishment (2002),CrimeandPunishment
Crime Traveller,CrimeTraveller
Criminal Instinct,CriminalInstincts
Criminal Minds,CriminalMinds
Crisis Center,CrisisCenter
Criss Angel Mindfreak,CrissAngelMindfreak
The Critic,Critic
Crossbow,Crossbow
Crossing Jordan,CrossingJordan
Crossroads,Crossroads
The Crouches,Crouches
The Crow: Stairway to Heaven,CrowStairwaytoHeaven
Crumbs,Crumbs
Crusade,Crusade
Cubix,Cubix
The Cuckoo Waltz,CuckooWaltz
Cupid,Cupid
Curb Your Enthusiasm,CurbYourEnthusiasm
Curse of Dracula,CurseofDracula
Cursed,Cursed
Custer,Custer
The Cut,Cut
Cuts,Cuts
Cyberchase,Cyberchase
Cybersix,Cybersix
Cybill,Cybill
Cyborg 009,Cyborg009
The D.A. (1971),DA_1971
The D.A. (2004),DA_2004
D.C.,DC
Da Ali G Show (UK),DaAliGShow_UK
Da Ali G Show (US),DaAliGShow_US
Da Mob,DaMob
Da Vinci's Inquest,DaVincisInquest
Dad,Dad
Daddio,Daddio
Daddy Dearest,DaddyDearest
Daddy's Girls,DaddysGirls
DAG,DAG
Dai-Guard,DaiGuard
Daigunder,Daigunder
Dallas,Dallas
Dalton's Code of Vengeance,DaltonsCodeofVengeance
Dalziel and Pascoe,DalzielandPascoe
Damon,Damon
Dana Carvey Show,DanaCarveyShow
Dancing with the Stars (US),DancingwiththeStars_US
Danger Bay,DangerBay
Danger Island,DangerIsland
Danger Man,DangerMan
Danger Mouse,DangerMouse
Danger Theatre,DangerTheatre
Danger UXB,DangerUXB
Dangerfield,Dangerfield
Dangerous Assignment,DangerousAssignment
Dangerous Curves,DangerousCurves
Dangerous Minds,DangerousMinds
Daniel Boone,DanielBoone
Danny,Danny
Danny Phantom,DannyPhantom
Darcy's Wild Life,DarcysWildLife
Daria,Daria
Daring & Grace,DaringandGrace
Dark Angel,DarkAngel
Dark Justice,DarkJustice
Dark Knight,DarkKnight
Dark Oracle,DarkOracle
Dark Skies,DarkSkies
Darkroom,Darkroom
Darkstalkers,Darkstalkers
Darkwing Duck,DarkwingDuck
The Darling Buds of May,DarlingBudsofMay
Dave the Barbarian,DavetheBarbarian
Dave's World,DavesWorld
Davis Rules,DavisRules
Dawson's Creek,DawsonsCreek
The Day Today,DayToday
The Days,Days
The Days and Nights of Molly Dodd,DaysandNightsofMollyDodd
Days Like These,DaysLikeThese
Dead at 21,Deadat21
Dead Last,DeadLast
Dead Like Me,DeadLikeMe
Dead of Night,DeadofNight
Dead Man's Gun,DeadMansGun
Dead Ringers,DeadRingers
The Dead Zone,DeadZone
Deadline,Deadline
Deadly Games,DeadlyGames
Deadwood,Deadwood
Dear John (US),DearJohn
Deep Sea Detectives,DeepSeaDetectives
Deepwater Black,MissionGenesis
Degrassi Junior High,DegrassiJuniorHigh
Degrassi: The Next Generation,DegrassiTheNextGeneration
Dellaventura,Dellaventura
Delta,Delta
Delta House,DeltaHouse
Dempsey and Makepeace,DempseyandMakepeace
Dennis Miller Live,DennisMillerLive
Dennis the Menace,DennistheMenace
The Deputy,Deputy
Designing Women,DesigningWomen
Desperate Housewives,DesperateHousewives
Detective Beat,DetectiveBeat
Detention,Detention
Dexter's Laboratory,DextersLaboratory
Dharma & Greg,DharmaandGreg
Diagnosis Murder,DiagnosisMurder
Diamonds,Diamonds
D.I.C.E.,DICE_2005
Dick Turpin,DickTurpin
The Dick Van Dyke Show,DickVanDykeShow
Diff'rent Strokes,DiffrentStrokes
A Different World,DifferentWorld
Digging for the Truth,DiggingfortheTruth
Digimon: Digital Monsters,Digimon
Dilbert,Dilbert
Dinner for Five,DinnerforFive
Dinnerladies,Dinnerladies
Dinosaurs,Dinosaurs
Dinotopia,Dinotopia
Dinozaurs,Dinozaurs
DiResta,DiResta
Disney's Hercules,DisneysHercules
The District,District
The Division,Division
Do Over,DoOver
Dobie Gillis,ManyLovesofDobieGillis
Doc,Doc
Doctor&#44; Doctor,DoctorDoctor
Doctor in the House,DoctorintheHouse
Doctor Who,DoctorWho
Doctor Who (2005),DoctorWho_2005
Doctor Who Confidential,DoctorWhoConfidential
Dog City,DogCity
Dog House,DogHouse
Dog the Bounty Hunter,DogtheBountyHunter
The Dog Whisperer,DogWhisperer
Dolphin Cove,DolphinCove
Domestic Life,DomesticLife
Don Coyote & Sancho Panda,DonCoyoteandSanchoPanda
Donkey Kong Country,DonkeyKongCountry
The Donna Reed Show,DonnaReedShow
Don't Eat the Neighbours,BigTeethBadBreath
Doogie Howser&#44; M.D.,DoogieHowserMD
Dooley Gardens,DooleyGardens
Doomwatch,Doomwatch
Double Dragon,DoubleDragon
Double Rush,DoubleRush
Double Trouble,DoubleTrouble
The Downer Channel,DownerChannel
Downtown (1986),Downtown_1986
Downtown,Downtown_1999
Downwardly Mobile,DownwardlyMobile
Dr. Katz&#44; Professional Therapist,DrKatzProfessionalTherapist
Dr. Quinn&#44; Medicine Woman,DrQuinnMedicineWoman
Dr. 90210,Dr90210
Dr. Shrinker,DrShrinker
dr. vegas,DrVegas
Dr Willoughby,DrWilloughby
Dracula: The Series,DraculaTheSeries
Dragnet (2003),Dragnet_2003
Dragon Ball,DragonBall
Dragon Booster,DragonBooster
Dragonball Z,DragonballZ
Drake & Josh,DrakeandJosh
Drawn Together,DrawnTogether
Dream Job,DreamJob
Dream On,DreamOn
The Dream Team,DreamTeam
Drew Carey Show,DrewCarey
Drew Carey's Green Screen,DrewCareysGreenScreenShow
Drexell's Class,DrexellsClass
Droids,Droids
Drop the Dead Donkey,DroptheDeadDonkey
Duck Dodgers,DuckDodgers
Duck Factory,DuckFactory
Duck Patrol,DuckPatrol
Duckman,Duckman
Dudley,Dudley
Due South,DueSouth
Duel Masters,DuelMasters
The Duke,Duke
The Dukes of Hazzard,DukesofHazzard
Dungeons & Dragons,DungeonsandDragons
Dusty's Trail,DustysTrail
Dweebs,Dweebs
Dynasty,Dynasty
E.N.G,ENG
E-Ring,ERing
E! True Hollywood Story,ETrueHollywoodStory
Early Edition,EarlyEdition
Earth 2,Earth2
Earth: Final Conflict,EarthFinalConflict
Earthworm Jim,EarthwormJim
East Side/West Side,EastSideWestSide
Ed,Ed
Edge of Darkness,EdgeofDarkness
Edgemont,Edgemont
Edison Twins,EdisonTwins
The Education of Max Bickford,EducationofMaxBickford
Eerie Indiana,EerieIndiana
Eerie Indiana: The Other Dimension,EerieIndianatheOtherDimension
8 Simple Rules,8SimpleRules
18 Wheels of Justice,18WheelsofJustice
Electra Woman and Dyna Girl,ElectraWomanandDynaGirl
Elfego Baca,ElfegoBaca
Ellen,Ellen
The Ellen Show,EllenShow
Ellery Queen,ElleryQueen
Emeril,Emeril
Emily's Reasons Why Not,EmilysReasonsWhyNot
Empire (1962),Empire_1962
Empire (2005),Empire_2005
Empty Nest,EmptyNest
Encore! Encore!,EncoreEncore
Encounters with the Unexplained,EncounterswiththeUnexplained
Enemy at the Door,EnemyattheDoor
The Enid Blyton Adventure Series,EnidBlytonAdventureSeries
The Enid Blyton Secret Series,EnidBlytonSecretSeries
Enos,Enos
Enterprise,StarTrekEnterprise
Entourage,Entourage
Equal Justice,EqualJustice
The Equalizer,Equalizer
ER,ER
E/R (1984),ER_1984
Erasmus Microman,ErasmusMicroman
Escaflowne,Escaflowne
Eve,Eve
Even Stevens,EvenStevens
Evening Shade,EveningShade
Ever Decreasing Circles,EverDecreasingCircles
Everwood,Everwood
Everybody Hates Chris,EverybodyHatesChris
Everybody Loves Raymond,EverybodyLovesRaymond
Everything's Relative (1999),EverythingsRelative
The Evil Touch,EvilTouch
The Exile,Exile
ExoSquad,Exosquad
Extreme,Extreme
Extreme Dinosaurs,ExtremeDinosaurs
Extreme Ghostbusters,ExtremeGhostbusters
Extreme History with Roger Daltrey,ExtremeHistorywithRogerDaltrey
Extreme Makeover,ExtremeMakeover
Extreme Makeover: Home Edition,ExtremeMakeoverHomeEdition
Eyes,Eyes
EZ Streets,EZStreets
The F.B.I.,FBI
F-Troop,FTroop
F-Zero: GP Legend,FZeroGPLegend
The Facts of Life,FactsofLife
The Faculty,Faculty
Faerie Tale Theatre,FaerieTaleTheatre
Fairly OddParents,FairlyOddParents
Fairly Secret Army,FairlySecretArmy
Faith in the Future,FaithintheFuture
Faking It,FakingIt
Falcon Crest,FalconCrest
Falcone,Falcone
Fall & Rise of Reginald Perrin,FallandRiseofReginaldPerrin
Fall Guy,FallGuy
Fame,Fame
Fame L.A.,FameLA
Family,Family
Family Affair (1966),FamilyAffair_1966
Family Affair (2002),FamilyAffair_2002
Family Album,FamilyAlbum
Family Business (US),FamilyBusiness
Family Business (UK),FamilyBusiness_UK
Family Guy,FamilyGuy
Family Law,FamilyLaw
Family Man (1988),FamilyMan_1988
The Family Man (1990),FamilyMan_1990
Family Matters,FamilyMatters
Family Plots,FamilyPlots
Family Rules,FamilyRules
Family Ties,FamilyTies
The Famous Five (1978),FamousFive_1978
The Famous Five (1996),FamousFive
The Famous Jett Jackson,FamousJettJackson
The Famous Teddy Z,FamousTeddyZ
The Fanelli Boys,FanelliBoys
Fantastic Journey,FantasticJourney
Fantasy Island (1978),FantasyIsland
Fantasy Island (1998),FantasyIsland_1998
Far Out Space Nuts,FarOutSpaceNuts
The Farmer's Daughter,FarmersDaughter
Farscape,Farscape
The Fast Show,FastShow
Fast Track,FastTrack
Fastlane,Fastlane
Fat Actress,FatActress
Father Brown,FatherBrown
Father Dowling Mysteries,FatherDowlingMysteries
Father Murphy,FatherMurphy
Father of the Pride,FatherofthePride
Father Ted,FatherTed
Fatherhood,Fatherhood
Fawlty Towers,FawltyTowers
Fear Factor,FearFactor
The Fearing Mind,FearingMind
The Feather and Father Gang,FeatherandFatherGang
Feds,Feds
Felicity,Felicity
Fernwood 2 Night,Fernwood2Night
Ferris Bueller,FerrisBueller
15 Storeys High,15StoreysHigh
The Fifth Corner,FifthCorner
55 Degrees North,55DegreesNorth
The Fighting Fitzgeralds,FightingFitzgeralds
Fighting Foodons,FightingFoodons
Fillmore,Fillmore
Finder of Lost Loves,FinderofLostLoves
Fire Me... Please!,FireMePlease
Fired Up,FiredUp
Firefly,Firefly
First Monday,FirstMonday
First Time Out,FirstTimeOut
First Wave,FirstWave
First Years,FirstYears
Five Mile Creek,FiveMileCreek
The Five Mrs. Buchanans,FiveMrsBuchanans
Flamingo Road,FlamingoRoad
The Flash,Flash
Flash Gordon (1954),FlashGordon_1954
The Flashing Blade,FlashingBlade
Flint the Time Detective,FlinttheTimeDetective
The Flintstones,Flintstones
Flipper (1995),Flipper_1995
Flipper (1964),Flipper_1964
Flo,Flo
Fly by Night,FlybyNight
Flying Blind,FlyingBlind
The Flying Doctor,FlyingDoctor
The Flying Doctors,FlyingDoctors
Flying High,FlyingHigh
The Flying Nun,FlyingNun
Flying Rhino Junior High,FlyingRhinoJuniorHigh
Foley Square,FoleySquare
Foolish Heart,FoolishHeart
Fooly Cooly,FoolyCooly
For Love or Money,ForLoveorMoney
For the People (1965),ForthePeople_1965
For the People (2002),ForthePeople
For Your Love,ForYourLove
Forever Eden,ForeverEden
Forever Knight,ForeverKnight
The Forsyte Saga (2002),ForsyteSaga_2002
Fortune Hunter,FortuneHunter
The 4400,4400
Foster's Home for Imaginary Friends,FostersHomeforImaginaryFriends
Four Corners,FourCorners
The Four Just Men,FourJustMen
Four Kings,FourKings
413 Hope St.,413HopeSt
Foxy Lady,FoxyLady
Foyle's War,FoylesWar
The Frank Skinner Show,FrankSkinnerShow
Frank Stubbs Promotes,FrankStubbsPromotes
Frank's Place,FranksPlace
Franklin,Franklin
Frannie's Turn,FranniesTurn
Frasier,Frasier
Freakazoid!,Freakazoid
Freaks and Geeks,FreaksandGeeks
Freakylinks,Freakylinks
Freddie,Freddie
Freddy's Nightmares,FreddysNightmares
Free for All,FreeforAll
Free Spirit,FreeSpirit
Freedom,Freedom
French and Saunders,FrenchandSaunders
The Fresh Prince of Bel-Air,FreshPrinceofBelAir
Freshman Diaries,FreshmanDiaries
Freshman Dorm,FreshmanDorm
Friday Night with Jonathan Ross,FridayNightwithJonathanRoss
Friday the 13th: the Series,Fridaythe13ththeSeries
Fridays,Fridays
Friends,Friends
Fudge,Fudge
The Fugitive (1963),Fugitive
The Fugitive (2000),Fugitive_2000
Full House,FullHouse
Fullmetal Alchemist,FullmetalAlchemist
Funky Cops,FunkyCops
Futurama,Futurama
Future Cop,FutureCop
F/X: The Series,FXTheSeries
G Gundam,GGundam
G.I. Joe,GIJoe
G.I. Joe Extreme,GIJoeExtreme
G.I. Joe Sigma 6,GIJoeSigma6
Galactica 1980,Galactica1980
Galaxy Rangers,AdventuresoftheGalaxyRangers
Galidor,Galidor
The Gallant Men,GallantMen
Gallegher,Gallegher
Game On!,GameOn
Game Over,GameOver
The Games,Games
Gargoyles,Gargoyles
Garrison's Gorillas,GarrisonsGorillas
Gary & Mike,GaryandMike
Gary the Rat,GarytheRat
Gastineau Girls,GastineauGirls
The Gay Cavalier,GayCavalier
GBH,GBH
The Geena Davis Show,GeenaDavisShow
The Gemini Man,GeminiMan
Generation O!,GenerationO
The Gentle Touch,GentleTouch
George,George
George & Leo,GeorgeandLeo
George and Martha,GeorgeandMartha
George and Mildred,GeorgeandMildred
The George Carlin Show,GeorgeCarlinShow
George Lopez,GeorgeLopez
The George Wendt Show,GeorgeWendtShow
Get a Life,GetaLife
Get Ed,GetEd
Get Fit with Brittas,BrittasEmpire
Get Real (US),GetReal
Get Real (UK),GetReal_UK
Get Smart (1965),GetSmart
Get Smart (1995),GetSmart_1995
Get This Party Started,GetThisPartyStarted
Get Well Soon,GetWellSoon
Getting By,GettingBy
Getting Personal,GettingPersonal
The Ghost and Mrs. Muir,GhostandMrsMuir
Ghost Hunters,GhostHunters
Ghost Stories,GhostStories
Ghost Story,GhostStory
Ghost Whisperer,GhostWhisperer
Ghosts of Motley Hall,GhostsofMotleyHall
Ghostwriter,Ghostwriter
Gideon's Crossing,GideonsCrossing
Gidget,Gidget
Gilligan's Island,GilligansIsland
Gilmore Girls,GilmoreGirls
Gimme Gimme Gimme,GimmeGimmeGimme
The Girl from U.N.C.L.E.,GirlfromUNCLE
The Girl With Something Extra,GirlWithSomethingExtra
Girlfriends,Girlfriends
girls club,girlsclub
Girls in Love,GirlsinLove
Girls on Top,GirlsonTop
Glam Metal Detectives,GlamMetalDetectives
Glasgow Kiss,GlasgowKiss
Gloria,Gloria
Glory Days (1990),GloryDays_1990
Glory Days (2002),GloryDays_2002
Go Fish,GoFish
God&#44; the Devil and Bob,GodtheDevilandBob
Godzilla (1998),Godzilla
Going to California,GoingtoCalifornia
Going to Extremes,GoingtoExtremes
Golden Girls,GoldenGirls
Golden Palace,GoldenPalace
Golden Years,StephenKingsGoldenYears
Gomer Pyle&#44; U.S.M.C.,GomerPyleUSMC
Good Advice,GoodAdvice
Good Company,GoodCompany
Good Girls Don't,GoodGirlsDont
Good Grief,GoodGrief
Good Guys Bad Guys,GoodGuysBadGuys
Good Heavens,GoodHeavens
The Good Life (1994 US),GoodLife_1994_US
The Good Life (1975 UK),GoodNeighbors
Good Morning Miami,GoodMorningMiami
Good Neighbors(aka The Good Life),GoodNeighbors
The Good News,GoodNews
Good Times,GoodTimes
Good vs Evil,GvsE
Goode Behavior,GoodeBehavior
Goodnight&#44; Beantown,GoodnightBeantown
Goodnight Sweetheart,GoodnightSweetheart
Goof Troop,GoofTroop
Goosebumps,Goosebumps
Grace Under Fire,GraceUnderFire
Grand (US),Grand
Grapevine (1992),Grapevine_1992
Grapevine (2000),Grapevine
Gravedale High,GravedaleHigh
The Great Defender,GreatDefender
Great Ghost Tales,GreatGhostTales
Great Scott!,GreatScott
The Greatest American Hero,GreatestAmericanHero
The Greatest Show on Earth,GreatestShowonEarth
Green Acres,GreenAcres
The Green Hornet,GreenHornet
Green Wing,GreenWing
Greetings from Tucson,GreetingsfromTucson
Greg the Bunny,GregtheBunny
The Gregory Hines Show,GregoryHines
Grey's Anatomy,GreysAnatomy
The Grid,Grid_2004
Grim & Evil,GrimandEvil
Grim Tales,GrimTales
Grizzly Adams,LifeandTimesofGrizzlyAdams
Grizzly Tales for Gruesome Kids,GrizzlyTalesforGruesomeKids
The Groovy Fellers,GroovyFellers
Grosse Pointe,GrossePointe
Grounded for Life,GroundedforLife
Growing Pains,GrowingPains
Growing Up Gotti,GrowingUpGotti
Grown Ups,GrownUps_US
GTO,GTO
The Guardian,Guardian
The Guardians,Guardians
Guinevere Jones,GuinevereJones
Guinness World Records: Primetime,GuinnessWorldRecordsPrimetime
Gulliver's Travels,GulliversTravels
Gun,Gun
Gundam 0083,Gundam0083
Gundam Wing,GundamWing
Guns of Paradise,GunsofParadise
The Guns of Will Sonnett,GunsofWillSonnett
Gunsmoke,Gunsmoke
Guts + Bolts,GutsandBolts
Guys Like Us,GuysLikeUs
Current Shows,current
Schedule Grid,grid
Fall Grid,shtml
celebfanmail.com,com
A,menua
.Hack//SIGN,HackSIGN
Hadleigh,Hadleigh
Half and Half,HalfandHalf
Halifax f.p.,HalifaxFP
Hamish Macbeth,HamishMacbeth
Hammer House of Horror,HammerHouseofHorror
Hammer House of Mystery & Suspense,HammerHouseofMysteryandSuspense
Hamtaro,Hamtaro
The Handler,Handler
Hang Time,HangTime
Hangin' with Mr. Cooper,HanginwithMrCooper
Happiness,Happiness
Happy Days,HappyDays
Happy Families,HappyFamilies
Happy Family,HappyFamily
Harbour Lights,HarbourLights
Hard Time on Planet Earth,HardTimeonPlanetEarth
Hardball (1989),Hardball_1989
Hardball (1994),Hardball_1994
Hardcastle & McCormick,HardcastleandMcCormick
The Hardy Boys (1995),HardyBoys
Harry,Harry
Harry and the Hendersons,HarryandtheHendersons
Harry O,HarryO
Harsh Realm,HarshRealm
Hart to Hart,HarttoHart
Harts of the West,HartsoftheWest
Harvey Birdman: Attorney at Law,HarveyBirdman
The Hat Squad,HatSquad
Haunted (1967),Haunted_1967
Haunted (2002),Haunted_2002
Have Gun - Will Travel,HaveGunWillTravel
Have I Got News for You,HaveIGotNewsforYou
Hawaii,Hawaii
Hawaii Five-O,HawaiiFiveO
Hawaiian Eye,HawaiianEye
Hawkeye,Hawkeye
Hawkeye & the Last of the Mohicans,HawkeyeandtheLastoftheMohicans
Hawkins,Hawkins
He-Man (1983,HeMan_1983
He-Man (2002,HeMan_2002
Head Cases,HeadCases
Head of the Class,HeadoftheClass
Head Over Heels,HeadOverHeels
Head Start,HeadStart
Health & Efficiency,HealthandEfficiency
Heart of the City,HeartoftheCity
HeartBeat (US),Heartbeat_US
Hearts Afire,HeartsAfire
Heat of the Sun,HeatoftheSun
Heaven Help Us,HeavenHelpUs
Heavy Gear,HeavyGear
The Heights,Heights
Helen West,HelenWest
The Help,Help_2004
Herbie the Love Bug,HerbietheLoveBug
Hercules (Disney),DisneysHercules
Hercules: The Legendary Journeys,Hercules
Here and Now,HereandNow
Herman's Head,HermansHead
Hetty Wainthropp Investigates,HettyWainthroppInvestigates
Hey Arnold!,HeyArnold
Hey Vern&#44; It's Ernest!,HeyVernItsErnest
H.G Wells' Invisible Man,InvisibleMan
Hi Honey I'm Home,HiHoneyImHome
Hidden Hills,HiddenHills
The Hidden Room,HiddenRoom
The High Chaparral,HighChaparral
High Incident,HighIncident
The High Life (UK),HighLife_UK
The High Life (US),HighLife_US
High Mountain Rangers,HighMountainRangers
High School Reunion,HighSchoolReunion
High Sierra Search and Rescue,HighSierraSearchandRescue
High Society,HighSociety
High Stakes,HighStakes
High Tide,HighTide
Higher Ground,HigherGround
Highlander,Highlander
Highlander: The Animated Series,HighlanderTheAnimatedSeries
Highlander: The Raven,HighlanderTheRaven
The Highwayman,Highwayman
Highway to Heaven,HighwaytoHeaven
Hill Street Blues,HillStreetBlues
Hiller and Diller,HillerandDiller
Hippies,Hippies
Hiram Holliday,AdventuresofHiramHolliday
History Detectives,HistoryDetectives
Hit Me Baby One More Time,HitMeBabyOneMoreTime
The Hitchhiker,Hitchhiker
Hitz,Hitz
Hogan's Heroes,HogansHeroes
Holby City,HolbyCity
Holding the Baby (US),HoldingtheBaby
Hollywood Off-Ramp,HollywoodOffRamp
Hollywood Safari,HollywoodSafari
Holmes and Yoyo,HolmesandYoyo
The Home Court,HomeCourt
Home Fires,HomeFires
Home Improvement,HomeImprovement
Home Movies,HomeMovies
Homeboys in Outer Space,HomeboysinOuterSpace
Homefront,Homefront
Homicide: Life on the Street,HomicideLifeontheStreet
Hondo,Hondo
Honey I Shrunk the Kids,HoneyIShrunktheKids
Honey West,HoneyWest
Hong Kong,HongKong
Hooking Up,HookingUp
The Hoop Life,HoopLife
Hooperman,Hooperman
Hope & Faith,HopeandFaith
Hope & Gloria,HopeandGloria
Hope Island,HopeIsland
Hopeless Pictures,HopelessPictures
Horatio Hornblower,HoratioHornblower
Hot Line,HotLine
Hot Metal,HotMetal
Hot Properties,HotProperties
Hot Shots,HotShots
Hotel,Hotel
Hotel Erotica,HotelErotica
House&#44; M.D.,House
House of Dreams,HouseofDreams
House of Mouse,HouseofMouse
The House of Windsor,HouseofWindsor
House Rules,HouseRules
How Do You Want Me?,HowDoYouWantMe
How to Be a Little Sod,HowtoBeaLittleSod
Houston Knights,HoustonKnights
How I Met Your Mother,HowIMetYourMother
Hudson Street,HudsonStreet
Huff,Huff
The Hughleys,Hughleys
Hulk Hogan's Rock 'n' Wrestling,HulkHogansRocknWrestling
Hull High,HullHigh
The Human Factor,HumanFactor
Human Target,HumanTarget
The Hunger,Hunger
Hunter (1984),Hunter
The Huntress,Huntress
Hype,Hype
Hyperion Bay,HyperionBay
Hypernauts,Hypernauts
I Am Weasel,IAmWeasel
I Dream of Jeannie,IDreamofJeannie
I Love Lucy,ILoveLucy
I&#44; Lovett,ILovett
I Spy,ISpy
I Was a Sixth Grade Alien!,IWasaSixthGradeAlien
I'm Alan Partridge,ImAlanPartridge
I'm with Her,ImwithHer
If Not for You,IfNotforYou
ILL-ustrated,VH1ILLustrated
ImagineThat,ImagineThat
The Immortal (1970),Immortal_1970
The Immortal (2000),Immortal
In a Heartbeat,InaHeartbeat
In Deep,InDeep
In Justice,InJustice
In Search of...,InSearchOf
In Search of Happiness,InSearchofHappiness
In the Beginning,IntheBeginning
In the Heat of the Night,IntheHeatoftheNight
In the House,IntheHouse
In-Laws,InLaws
Inconceivable,Inconceivable
The Industry,MadeinCanada
Ink,Ink
Incredible Crash Dummies,IncredibleCrashDummies
The Incredible Hulk,IncredibleHulk
The Incredible Hulk (1996,IncredibleHulk_1996
Incredible Story Studio,IncredibleStoryStudio
Infamous,Infamous
Inked,Inked
The Inside,Inside
Inside Schwartz,InsideSchwartz
Inside the Actors Studio,InsidetheActorsStudio
Inside Victor Lewis-Smith,InsideVictorLewisSmith
The Insiders,Insiders
Inspector Lynley Mysteries,InspectorLynleyMysteries
Inspector Morse,InspectorMorse
Internet Slutts,InternetSlutts
Intimate Sessions,IntimateSessions
Into Character,IntoCharacter
Into the Labyrinth,IntotheLabyrinth
Into the West,IntotheWest
Inuyasha,Inuyasha
Invader ZIM,InvaderZIM
The Invaders,Invaders
Invasion,Invasion
Invasion America,InvasionAmerica
Invasion: Earth,InvasionEarth
Invasion Iowa,InvasionIowa
Invent This!,InventThis
Investigating History,InvestigatingHistory
The Invisible Man (1958),InvisibleMan_1958
The Invisible Man (1975),InvisibleMan_1975
The Invisible Man (2000),InvisibleMan_2000
Ironside,Ironside
Is It Bill Bailey?,IsItBillBailey
Is It Legal?,IsItLegal
Isis,Isis
The It Factor,ItFactor
It Had to Be You,ItHadtoBeYou
It Takes a Thief,ItTakesaThief
It's a Living,ItsaLiving
It's a Man's World,ItsaMansWorld
It's About Time,ItsAboutTime
It's All Relative,ItsAllRelative
It's Always Sunny in Philadelphia,ItsAlwaysSunnyinPhiladelphia
It's Garry Shandling's Show,ItsGarryShandlingsShow
It's Like&#44; You Know...,ItsLikeYouKnow
It's Only TV But I Like It,ItsOnlyTVButILikeIt
It's Your Move,ItsYourMove
Ivanhoe,Ivanhoe
Jack & Jeremy's Real Lives,JackandJeremysRealLives
Jack & Bobby,JackandBobby
Jack & Jill,JackandJill
Jack and Mike,JackandMike
Jack of All Trades,JackofAllTrades
Jackie Chan Adventures,JackieChanAdventures
The Jackie Thomas Show,JackieThomasShow
JAG,JAG
Jake and the Fatman,JakeandtheFatman
Jake and the Kid,JakeandtheKid
Jake in Progress,JakeinProgress
Jake 2.0,Jake20
Jakers! Adventures of Piggley Winks,Jakers
The Jamie Foxx Show,JamieFoxxShow
The Jamie Kennedy Experiment,JamieKennedyExperiment
Janek,Janek
Jayce & the Wheeled Warriors,JayceandtheWheeledWarriors
Jeeves & Wooster,JeevesandWooster
The Jeff Foxworthy Show,JeffFoxworthyShow
The Jeffersons,Jeffersons
Jem,Jem
Jenny,Jenny
Jeremiah,Jeremiah
Jericho,Jericho
The Jersey,Jersey
Jesse,Jesse
(Advs. of) Jim Bowie,AdventuresofJimBowie
(Advs. of) Jimmy Neutron,AdventuresofJimmyNeutron
The Jimmy Stewart Show,JimmyStewartShow
Jo Brand Through the Cakehole,JoBrandThroughtheCakehole
Joan of Arcadia,JoanofArcadia
The Job,Job
The Joe Schmo Show,JoeSchmoShow
Joe's Life,JoesLife
Joey,Joey
John Doe,JohnDoe
The John Larroquette Show,JohnLarroquetteShow
John Woo's Once a Thief,OnceaThief
Johnny Bravo,JohnnyBravo
Johnny Staccato,JohnnyStaccato
JoJo's Circus,JoJosCircus
Jonathan Creek,JonathanCreek
Jonny Quest (1964 & 1986,JonnyQuest
(Real Advs. of) Jonny Quest (1996),RealAdventuresofJonnyQuest
Jonny Zero,JonnyZero
Josie and the Pussycats,JosieandthePussycats
Josie ... in Outer Space,JosieandthePussycatsinOuter
The Journey of Allen Strange,JourneyofAllenStrange
Judging Amy,JudgingAmy
Jumanji,Jumanji
Jumpers for Goalposts,JumpersforGoalposts
Jungle Jim,JungleJim
The Jury,Jury
Just Cause,JustCause
Just Deal,JustDeal
Just Legal,JustLegal
Just Shoot Me,JustShootMe
Just the Ten of Us,JusttheTenofUs
Justice League,JusticeLeague
K Street,KStreet
Kama Sutra,KamaSutra
Karen Sisco,KarenSisco
Kate Brasher,KateBrasher
Kate Loves a Mystery,MrsColumbo
Katie Joplin,KatieJoplin
Katts and Dog,KattsandDog
Kavanagh QC,KavanaghQC
Keen Eddie,KeenEddie
Keep It in the Family,KeepItintheFamily
Kelly Kelly,KellyKelly
Kenan & Kel,KenanandKel
Kenny the Shark,KennytheShark
Kevin Hill,KevinHill
Kevin Spencer,KevinSpencer
Key West,KeyWest
Kid Notorious,KidNotorious
Kikaider,Kikaider
Killer Instinct,KillerInstinct
Kim Possible,KimPossible
Kindred: the Embraced,KindredtheEmbraced
King Arthur & the Knights of Justice,KingArthurandKnightsofJustice
King of Kensington,KingofKensington
The King of Queens,KingofQueens
King of the Hill,KingoftheHill
King of the Jungle,KingoftheJungle
Kingdom Hospital,StephenKingsKingdomHospital
Kingpin,Kingpin
Kinvig,Kinvig
Kirby: Right Back at Ya!,KirbyRightBackatYa
Kirk,Kirk
Kiss Me Kate,KissMeKate
Kitchen Confidential,KitchenConfidential
Knight & Daye,KnightandDaye
Knight Rider,KnightRider
Knights of the Zodiac,KnightsoftheZodiac
Knightwatch,Knightwatch
Knots Landing,KnotsLanding
Knowing Me&#44; Knowing You,KnowingMeKnowingYou
Kojak (2005),Kojak_2005
Kolchak: The Night Stalker,KolchakTheNightStalker
Kong,Kong
Kristin,Kristin
Krypto the Superdog,KryptotheSuperdog
Kung Fu,KungFu
Kung Fu: The Legend Continues,KungFuTheLegendContinues
Kurt Vonnegut's Monkey House,KurtVonnegutsMonkeyHouse
KYTV,KYTV
The L Word,LWord
LA 7,SClub7
L.A. Doctors,LADoctors
L.A. Dragnet,Dragnet_2003
L.A. Firefighters,LAFirefighters
L.A. Heat,LAHeat
L.A. Law,LALaw
La Femme Nikita,LaFemmeNikita
Ladies Man,LadiesMan
Lady Blue,LadyBlue
Lancer,Lancer
Land of the Giants,LandoftheGiants
Land of the Lost (1974),LandoftheLost_1974
Land of the Lost (1991),LandoftheLost_1991
Land's End,LandsEnd
Laredo,Laredo
Largo Winch,LargoWinch
Larry Sanders Show,LarrySandersShow
Las Vegas,LasVegas
Lassie (1997),Lassie_1997
Last Comic Standing,LastComicStanding
The Last Detective,LastDetective
The Last Frontier,LastFrontier
The Last Machine,LastMachine
The Last Salute,LastSalute
Late Night Horror,LateNightHorror
LateLine,Lateline
Later with Bob Costas,LaterwithBobCostas
Laurie Hill,LaurieHill
Laverne & Shirley,LaverneandShirley
Law and Disorder,LawandDisorder
Law & Order,LawandOrder
Law & Order: Criminal Intent,LawandOrderCriminalIntent
Law & Order: Special Victims Unit,LawandOrderSVU
Law & Order: Trial by Jury,LawandOrderTrialbyJury
The Law Firm,LawFirm
Law of the Plainsman,LawofthePlainsman
Lawman,Lawman
LAX,LAX
Lazarus and Dingwall,LazarusandDingwall
LazyTown,LazyTown
The League of Gentlemen,LeagueofGentlemen
Leap of Faith,LeapofFaith
Leave It to Beaver,LeaveIttoBeaver
Leaving L.A.,LeavingLA
Leg Work,LegWork
Legacy,Legacy
Legend,Legend
The Legend of Tarzan,LegendofTarzan
The Legend of William Tell,LegendofWilliamTell
Lenny Goes to Town,LennyGoestoTown
The Lenny Henry Show,LennyHenryShow
Lenny Henry Tonite,LennyHenryTonite
Less Than Perfect,LessThanPerfect
Let Them Eat Cake,LetThemEatCake
Level 9,Level9
Lexx,Lexx
Liberty Street,LibertyStreet
Liberty's Kids,LibertysKids
Lidsville,Lidsville
Life... and Stuff,LifeandStuff
Life & Times of Grizzly Adams,LifeandTimesofGrizzlyAdams
Life and Times of Juniper Lee,LifeandTimesofJuniperLee
life as we know it,LifeAsWeKnowIt
Life Goes On,LifeGoesOn
Life of Mammals,LifeofMammals
Life on a Stick,LifeonaStick
Life with Bonnie,LifewithBonnie
Life with Derek,LifewithDerek
Life with Roger,LifewithRoger
Life's Work,LifesWork
Lifestories: Families in Crisis,LifestoriesFamiliesinCrisis
Lightning Force,LightningForce
Lights Out,LightsOut
Like Family,LikeFamily
Likely Suspects,LikelySuspects
Lilo & Stitch,LiloandStitch
Lime Street,LimeStreet
Linc's,Lincs
Linda Green,LindaGreen
Line of Fire,LineofFire
Liography/Liocracy,Liography
Listen Up,ListenUp
Little Bear,LittleBear
Little Bill,LittleBill
Little Britain,LittleBritain
Little Dracula,LittleDracula
Little Einsteins,LittleEinsteins
Little House on the Prairie,LittleHouseonthePrairie
Little Men,LittleMen
The Little Mermaid,LittleMermaid
The Littles,Littles
Live Shot,LiveShot
Live Through This,LiveThroughThis
Living Dolls,LivingDolls
Living in Captivity,LivinginCaptivity
Living Single,LivingSingle
Living with Fran,LivingwithFran
Lizzie McGuire,LizzieMcGuire
Lloyd in Space,LloydinSpace
Local Heroes,LocalHeroes
Lock&#44; Stock,LockStock
Logan's Run,LogansRun
Lois & Clark,LoisandClark
The Lone Gunmen,LoneGunmen
The Lone Ranger (1966,LoneRanger_1966
The Lone Ranger (1981,LoneRanger_1981
The Loner,Loner
Longstreet,Longstreet
Look at the State We're In!,LookattheStateWereIn
Loonatics Unleashed,LoonaticsUnleashed
Lord Peter Wimsey,LordPeterWimsey
Los Dos Bros,LosDosBros
Los Luchadores,LosLuchadores
The Losers,Losers
Lost,Lost
Lost at Home,LostatHome
Lost in Space,LostinSpace
The Lost World,LostWorld
The Lot,Lot
Lottery!,Lottery
Lou Grant,LouGrant
The Louie Show,LouieShow
Love and Marriage,LoveandMarriage
Love & Money,LoveandMoney
Love & War,LoveandWar
The Love Boat,LoveBoat
Love Boat: The Next Wave,LoveBoatTheNextWave
Love Hurts,LoveHurts
Love&#44; Inc.,LoveInc
Love Is in the Heir,LoveIsintheHeir
Love Monkey,LoveMonkey
Love That Bob,BobCummingsShow
Loved by You,LovedbyYou
Lovejoy,Lovejoy
The Lovers,Lovers
LT,LT
Lucan,Lucan
Lucky,Lucky
The Lucy Show,LucyShow
Lucy Sullivan Is Getting Married,LucySullivanIsGettingMarried
Luis,Luis
Luke's Kingdom,LukesKingdom
Lupin the 3rd,Lupinthe3rd
Lush Life,LushLife
The Lyon's Den,LyonsDen
M Squad,MSquad
MI-5,Spooks
M.I.T.: Murder Investigation Team,MIT
M.Y.O.B.,MYOB
Macgruder & Loud,MacgruderandLoud
MacGyver,MacGyver
Mad About You,MadAboutYou
Mad Mad House,MadMadHouse
Mad Mike and Mark,MadMikeandMark
Made in Canada,MadeinCanada
Madigan,Madigan
Madigan Men,MadiganMen
Madman of the People,MadmanofthePeople
Maggie,Maggie
Maggie and the Ferocious Beast,MaggieandtheFerociousBeast
Maggie Winters,MaggieWinters
Magical DoReMi,MagicalDoReMi
The Magician (1973),Magician
The Magician (1999),Magician_1999
The Magician's House,MagiciansHouse
The Magnificent Seven,MagnificentSeven
Magnum&#44; p.i.,Magnumpi
Maid Marian and Her Merry Men,MaidMarian
Mail Call,MailCall
Makeover Mamas,MakeoverMamas
Making News,MakingNews
MakingtheGrade,MakingtheGrade
Making the Most of the Micro,MakingtheMostoftheMicro
Malcolm & Eddie,MalcolmandEddie
Malcolm in the Middle,MalcolmintheMiddle
Malibu&#44; CA,MalibuCA
Malibu Shores,MalibuShores
Mama's Family,MamasFamily
Man About the House,ManAbouttheHouse
A Man Called Hawk,ManCalledHawk
A Man Called Shenandoah,ManCalledShenandoah
A Man Called Sloane,ManCalledSloane
The Man from Atlantis,ManfromAtlantis
The Man from U.N.C.L.E.,ManfromUNCLE
Man in a Suitcase,ManinaSuitcase
The Man Who Never Was,ManWhoNeverWas
Manchester Prep,ManchesterPrep
Manchild,Manchild
Mancuso FBI,MancusoFBI
Manhattan&#44; AZ,ManhattanAZ
Maniac Mansion,ManiacMansion
Manimal,Manimal
Mann & Machine,MannandMachine
Mannix,Mannix
M.A.N.T.I.S.,MANTIS
The Many Loves of Dobie Gillis,ManyLovesofDobieGillis
Mapp & Lucia,MappandLucia
Marblehead Manor,MarbleheadManor
Marker,Marker
Marple,Marple
Married for Life,MarriedforLife
Married to the Kellys,MarriedtotheKellys
Married with Children,MarriedwithChildren
The Marshal,Marshal
The Marshall Chronicles,MarshallChronicles
Marshall Law,MarshallLaw
Martial Law,MartialLaw
Martian Successor Nadesico,MartianSuccessorNadesico
Martin,Martin
Martin Mystery,MartinMystery
The Martin Short Show (1994),MartinShortShow
The Martin Short Show (1999),MartinShortShow_1999
Mary,Mary
Mary-Kate and Ashley in Action! (a),MaryKateandAshleyinAction
The Mary Tyler Moore Show,MaryTylerMooreShow
M*A*S*H,MASH
MASK,Mask_1985
The Mask (1954),Mask_1954
The Mask,Mask_1995
Masked Rider,MaskedRider
The Master,Master
Matlock,Matlock
Matrix,Matrix
Matt Helm,MattHelm
Matt Houston,MattHouston
Matt Waters,MattWaters
Maude,Maude
Maverick,Maverick
Max Headroom,MaxHeadroom
Max Monroe: Loose Cannon,MaxMonroeLooseCannon
Max Steel,MaxSteel
Maximum Bob,MaximumBob
May to December,MaytoDecember
Maybe It's Me,MaybeItsMe
Maybe This Time,MaybeThisTime
Mayberry R.F.D.,MayberryRFD
McCallum,McCallum
McClain's Law,McClainsLaw
McCloud,McCloud
McHale's Navy,McHalesNavy
McKenna,McKenna
McLeod's Daughters,McLeodsDaughters
McMillan and Wife,McMillanandWife
MDs,MDs
Me and the Boys,MeandtheBoys
Me&#44; You and Him,MeYouandHim
Medabots,Medabots
Medical Investigation,MedicalInvestigation
Medicine Ball,MedicineBall
Medics,Medics
Medium,Medium
Meego,Meego
MegaMan: NT Warrior,MegaManNTWarrior
Megas XLR,MegasXLR
Melrose Place,MelrosePlace
Men Behaving Badly (UK),MenBehavingBadly_UK
Men Behaving Badly (US),MenBehavingBadly_US
Men In Black,MeninBlack
Men Into Space,MenintoSpace
Men of the World,MenoftheWorld
Men&#44; Women & Dogs,MenWomenandDogs
Mentors,Mentors
Mercury,Mercury
Mercy Point,MercyPoint
Merseybeat,Merseybeat
Method & Red,MethodandRed
Mew Mew Power,MewMewPower
Miami Animal Police,MiamiAnimalPolice
Miami 7,SClub7
Miami Slice,MiamiSlice
Miami Vice,MiamiVice
Michael Hayes,MichaelHayes
The Michael Richards Show,MichaelRichardsShow
The Micro Ventures,MicroVentures
Middle Ages,MiddleAges
Midsomer Murders,MidsomerMurders
The Mighty Jungle,MightyJungle
Mighty Orbots,MightyOrbots
Mighty Max,MightyMax
Mike Hammer (1957),MikeHammer_1957
Mike Hammer (1983),MikeHammer
Mike Hammer&#44; Private Eye (1997),MikeHammerPrivateEye
The Mike O'Malley Show,MikeOMalleyShow
Millennium,Millennium
The Mind of the Married Man,MindoftheMarriedMan
Minor Adjustments,MinorAdjustments
A Minute with Stan Hooper,MinutewithStanHooper
Miracles,Miracles
The MIsadventures of Sheriff Lobo,MisadventuresofSheriffLobo
Misery Loves Company,MiseryLovesCompany
Misfits of Science,MisfitsofScience
Miss Match,MissMatch
Missing,Missing
Missing Persons,MissingPersons
Mission Genesis,MissionGenesis
Mission Hill,MissionHill
Mission: Impossible (1966),MissionImpossible
Mission: Impossible (1988),MissionImpossible_1988
Mission Top Secret,MissionTopSecret
Mister Sterling,MisterSterling
Mobile One,MobileOne
Mobile Suit Gundam,MobileSuitGundam
Mobile Suit Gundam: 08th MS Team,MobileSuitGundam08thMSTeam
The Mod Squad,ModSquad
Model Citizens,ModelCitizens
Models&#44; Inc.,ModelsInc
Moesha,Moesha
The Mole,Mole
Moloney,Moloney
The Mommies,Mommies
Mon Colle Knights,MonColleKnights
Mona the Vampire,MonatheVampire
Mondo Magic,MondoMagic
Monk,Monk
The Monkees,Monkees
Monkey,Monkey
Monkey Magic,MonkeyMagic
The Monroes (1966),Monroes
The Monroes (1995),Monroes_1995
Monster by Mistake,MonsterbyMistake
Monster Garage,MonsterGarage
Monster House,MonsterHouse
Monster Rancher,MonsterRancher
Monsters,Monsters
Monty,Monty
Monty Python's Flying Circus,MontyPythonsFlyingCircus
Moonbase 3,Moonbase3
Moonlighting,Moonlighting
Moon over Miami,MoonoverMiami
More Tears,MoreTears
Mork and Mindy,MorkandMindy
Mortal Kombat: Conquest,MortalKombatConquest
Mother and Son,MotherandSon
The Mountain,Mountain
Movie Stars,MovieStars
Mowgli: New Advs. of Jungle Book,Mowgli
Mr. & Mrs. Smith,MrandMrsSmith
Mr. Bean,MrBean
Mr. Bean (anim),MrBean_anim
Mr. Belvedere,MrBelvedere
Mr. Ed,MrEd
Mr. Lucky,MrLucky
Mr. Rhodes,MrRhodes
Mr. Sterling,MisterSterling
Mr. Terrific,MrTerrific
The Mrs. Bradley Mysteries,MrsBradleyMysteries
Mrs. Columbo,MrsColumbo
&iexcl;MuchaLucha!,MuchaLucha
Muddling Through,MuddlingThrough
Mulberry,Mulberry
The Mullets,Mullets
Mummies Alive!,MummiesAlive
The Mummy,Mummy
The Munsters,Munsters
Muppets Tonight!,MuppetsTonight
Murder in Mind,MurderinMind
Murder in Suburbia,MurderinSuburbia
Murder Most Horrid,MurderMostHorrid
Murder One,MurderOne
Murder Rooms,MurderRooms
Murder&#44; She Wrote,MurderSheWrote
Murphy Brown,MurphyBrown
Muscle,Muscle
Mutant X,MutantX
My Adventures in Television,Wednesday930830Central
My Big Fat Greek Life,MyBigFatGreekLife
My Big Fat Obnoxious Boss,MyBigFatObnoxiousBoss
My Big Fat Obnoxious Fiance,MyBigFatObnoxiousFiance
My Dad the Rock Star,MyDadtheRockStar
My Family,MyFamily
My Favorite Martian,MyFavoriteMartian
My Guide to Becoming a Rock Star,MyGuidetoBecomingaRockStar
My Guys,MyGuys
My Hero,MyHero
My Life and Times,MyLifeandTimes
My Life as a Dog,MyLifeasaDog
My Life as a Teenage Robot,MyLifeasaTeenageRobot
My Mother the Car,MyMothertheCar
My Name Is Earl,MyNameIsEarl
My Partner the Ghost,RandallandHopkirk
My Pet Monster,MyPetMonster
My Secret Identity,MySecretIdentity
My Sister Sam,MySisterSam
My So-Called Life,MySoCalledLife
My Two Dads,MyTwoDads
My Wife and Kids,MyWifeandKids
My Wildest Dreams,MyWildestDreams
My Wonderful Life,MyWonderfulLife
Mysteries & Scandals,MysteriesandScandals
Mysterious Island,MysteriousIsland
Mysterious Ways,MysteriousWays
The Mystery Files of Shelby Woo,MysteryFilesofShelbyWoo
Mystery Hunters,MysteryHunters
Mystery Woman,MysteryWoman
Mystic Knights of Tir Na Nog,MysticKnightsofTirNaNog
MythBusters,MythBusters
MythQuest,MythQuest
Mythic Warriors,MythicWarriors
Naked City,NakedCity
Naked Josh,NakedJosh
The Naked Truth,NakedTruth
Nancy Drew (1995),NancyDrew
The Nanny (US),Nanny
Nanny and the Professor,NannyandtheProfessor
Naruto,Naruto
NASCAR Racers,NascarRacers
Nash Bridges,NashBridges
Nashville Star,NashvilleStar
Naturally&#44; Sadie,NaturallySadie
NCIS,NCIS
Nearly Departed,NearlyDeparted
Ned and Stacey,NedandStacey
Neon Genesis Evangelion,NeonGenesisEvangelion
Neon Rider,NeonRider
Nerd Nation,NerdNation
Nero Wolfe (1981),NeroWolfe_1981
Nero Wolfe (2001),NeroWolfe_2001
The Net,Net
Never Mind the Buzzcocks,NeverMindtheBuzzcocks
The Neverending Story,NeverendingStory
Neverwhere,Neverwhere
New Addams Family,NewAddamsFamily
New Adventures of Beans Baxter,NewAdventuresofBeansBaxter
New Adventures of Robin Hood,NewAdventuresofRobinHood
New Avengers,NewAvengers
New Ghostwriter Mysteries,NewGhostwriterMysteries
The New People,NewPeople
New Statesman,NewStatesman
New WKRP in Cincinnati,NewWKRPinCincinnati
New York Daze,NewYorkDaze
New York News,NewYorkNews
New York Undercover,NewYorkUndercover
Newhart,Newhart
Newlyweds: Nick & Jessica,NewlywedsNickandJessica
Newman and Baddiel in Pieces,NewmanandBaddiel
NewsRadio,NewsRadio
The Newsroom,Newsroom
Next Acton Star,NextActionStar
Next of Kin,NextofKin
Nicholas Craig Masterclass,NicholasCraig
Nichols,Nichols
Nick & Hillary,Tattingers
Nick Freno: Licensed Teacher,NickFreno
Night Court,NightCourt
Night Detective,NightDetective
Night Gallery,NightGallery
Night Heat,NightHeat
Night Stalker,NightStalker
Night Visions,NightVisions
Nightcap,Nightcap
NightMan,NightMan
Night Stand with Dick Dietrick,NightStandwithDickDietrick
Nightingales (UK),Nightingales_UK
Nightingales (US),Nightingales_US
Nightmare Cafe,NightmareCafe
The Nightmare Room,NightmareRoom
Nighty Night,NightyNight
Nikita,LaFemmeNikita
Nikki,Nikki
1990,1990
90 Days in Hollywood,90DaysinHollywood
Nip/Tuck,NipTuck
No Boundaries,NoBoundaries
No&#44; Honestly,NoHonestly
No Job for a Lady,NoJobForaLady
No Opportunity Wasted,NoOpportunityWasted
Noah Knows Best,NoahKnowsBest
Noble and Silver,NobleandSilver
Norm,Norm
Normal&#44; Ohio,NormalOhio
North Shore,NorthShore
Northern Exposure,NorthernExposure
Nothing Sacred,NothingSacred
Now and Again,NowandAgain
Now What?,NowWhat
Now Who's Boss?,NowWhosBoss
Nowhere Man,NowhereMan
NUMB3RS,NUMB3RS
Nurses,Nurses
Nutt House,NuttHouse
NYPD Blue,NYPDBlue
The O.C.,OC
The O'Keefes,OKeefes
The Oblongs,Oblongs
Ocean Girl,OceanGirl
The Odd Couple,OddCouple
Odd Man Out,OddManOut
The Odyssey,Odyssey
Odyssey 5,Odyssey5
Off Centre,OffCentre
The Office (UK),Office_UK
The Office (US),Office_US
The Office (1995),Office_1995
Office Gossip,OfficeGossip
Oh Baby,OhBaby
Oh Grow Up,OhGrowUp
Okavango,Okavango
Oliver Beene,OliverBeene
The Omega Factor,OmegaFactor
On Our Own,OnOurOwn
On the Air,OntheAir
On the Buses,OntheBuses
On the Spot,OntheSpot
Once a Thief,OnceaThief
Once and Again,OnceandAgain
One Big Family,OneBigFamily
One by One,OnebyOne
One Day at a Time,OneDayataTime
1-800-Missing,Missing
One Foot in the Grave,OneFootintheGrave
100 Centre Street,100CentreStreet
100 Deeds for Eddie McDowd,100DeedsforEddieMcDowd
100 Lives of Black Jack Savage,100LivesofBlackJackSavage
One on One,OneonOne
One Piece,OnePiece
One Step Beyond,OneStepBeyond
One Tree Hill,OneTreeHill
One West Waikiki,OneWestWaikiki
One World,OneWorld
Only Fools and Horses...,OnlyFoolsandHorses
Operation Petticoat,OperationPetticoat
Opposite Sex (2000),OppositeSex_2000
Orleans,Orleans
The Osbournes,Osbournes
The Others,Others
Otherworld,Otherworld
Our Hero,OurHero
Our House,OurHouse
Out of Order,OutofOrder
Out of Practice,OutofPractice
Out of This World (US),OutofThisWorld
Out of This World (UK),OutofThisWorld_UK
The Outer Limits (1963),OuterLimits_1963
The Outer Limits (1995),OuterLimits_1995
Outlaw Star,OutlawStar
Outlaws,Outlaws
Outside the Rules,OutsidetheRules
The Outsider,Outsider
Over My Dead Body,OverMyDeadBody
Over the Top,OvertheTop
Over There,OverThere
Overhaulin',Overhaulin
Owen Marshall&#44; Counselor at Law,OwenMarshall
Oz,Oz
Ozzy & Drix,OzzyandDrix
Pacific Blue,PacificBlue
Pacific Palisades,PacificPalisades
Page to Screen,PagetoScreen
Paradise,GunsofParadise
Paradise Falls,ParadiseFalls
Paradise Postponed,ParadisePostponed
The Parent 'Hood,ParentHood
Parenthood (1990),Parenthood_1990
Paris (UK),Paris_UK
Parker Lewis Can't Lose,ParkerLewisCantLose
The Parkers,Parkers
Partners,Partners
Party Girl,PartyGirl
Party of Five,PartyofFive
Pasadena,Pasadena
Passion Cove,PassionCove
Paul Sand in Friends and Lovers,PaulSandinFriendsandLovers
Pauly,Pauly
Payne,Payne
Peacemakers,Peacemakers
Pearl,Pearl
Pelswick,Pelswick
Penn & Teller: Bullshit!,PennandTellerBullshit
Pensacola: Wings of Gold,PensacolaWingsofGold
People Like Us,PeopleLikeUs
The People Next Door,PeopleNextDoor
Pepper Ann,PepperAnn
Pepsi Smash,PepsiSmash
Perfect Strangers,PerfectStrangers
Perfect World,PerfectWorld
Perry Mason,PerryMason
The Persuaders,Persuaders
Perversions of Science,PerversionsofScience
Pet Alien,PetAlien
Peter Gunn,PeterGunn
Petrocelli,Petrocelli
Petticoat Junction,PetticoatJunction
Phantom 2040,Phantom2040
Phantom Investigators,PhantomInvestigators
Phenom,Phenom
Phil of the Future,PhiloftheFuture
The Phil Silvers Show,PhilSilversShow
Philip Marlowe (1959),PhilipMarlowe
Philip Marlowe&#44; Private Eye (1983),PhilipMarlowePrivateEye
Philly,Philly
The Phoenix,Phoenix
The Phoenix Team,PhoenixTeam
Picket Fences,PicketFences
Pecola,Pecola
Pie in the Sky,PieintheSky
Pig Sty,PigSty
The Piglet Files,PigletFiles
PilotCandidate,PilotCandidate
Pilot Season,PilotSeason
Pimp My Ride,PimpMyRide
Pippi Longstocking,PippiLongstocking
Pirate Islands,PirateIslands
Pirates of Dark Water,PiratesofDarkWater
The Pitts,Pitts
The PJs,PJs
Planet of the Apes,PlanetoftheApes
Platinum,Platinum
Platypus Man,PlatypusMan
The Play's the Thing,ActorsStudio
The Player,Player
Players,Players
Playing It Straight,PlayingItStraight
Playmakers,Playmakers
The Pleasure Zone,PleasureZone
Point Pleasant,PointPleasant
Pointman,Pointman
Poirot,Poirot
Pok&eacute;mon,Pokemon
Police Rescue,PoliceRescue
Police Squad!,PoliceSquad
Police Story,PoliceStory
Police Woman,PoliceWoman
Politically Incorrect,PoliticallyIncorrect
Poltergeist: The Legacy,Poltergeist
Pond Life,PondLife
Ponderosa,Ponderosa
Poochini,Poochini
Popular,Popular
Porkpie,Porkpie
Power Play,PowerPlay
Power Rangers,PowerRangers
Powerpuff Girls,PowerpuffGirls
Powers,Powers
Powers of Matthew Star,PowersofMatthewStar
The Powers That Be,PowersThatBe
P.R.,PR
The Practice,Practice
Presidio Med,PresidioMed
Press Gang,PressGang
The Preston Episodes,PrestonEpisodes
Preston Front,PrestonFront
The Pretender,Pretender
Prey,Prey
Pride & Joy,PrideandJoy
Prime Suspect,PrimeSuspect
Primetime Glick,PrimetimeGlick
A Prince Among Men,PrinceAmongMen
Prince Street,PrinceStreet
Prince Valiant,PrinceValiant
Princes of Malibu,PrincesofMalibu
Princesses,Princesses
Prison Break,PrisonBreak
The Prisoner,Prisoner
Probe,Probe
The Professionals,Professionals
Profiler,Profiler
Profit,Profit
Promised Land,PromisedLand
Proof Positive,ProofPositive
The Protectors,Protectors
The Proud Family,ProudFamily
Providence,Providence
Psi Factor,PsiFactor
Psychic Detectives,PsychicDetectives
Public Morals,PublicMorals
Pulaski (the TV Detective),Pulaski
Punk'd,Punkd
Punky Brewster,PunkyBrewster
The Pursuit of Happiness,PursuitofHappiness
Push,Push
Push Nevada,PushNevada
Current Shows,current
Schedule Grid,grid
Fall Grid,shtml
celebfanmail.com,com
A,menua
Quantum Leap,QuantumLeap
Quark,Quark
Queen of Swords,QueenofSwords
Queens Supreme,QueensSupreme
Queer as Folk (US),QueerasFolk_US
Queer Eye for the Straight Guy,QueerEyefortheStraightGuy
The Quest (1976),Quest_1976
The Quest (1982),Quest_1982
Quincy&#44; M.E.,Quincy
Quintuplets,Quintuplets
Radio Active,RadioActive
Radio Free Roscoe,RadioFreeRoscoe
Rags to Riches,RagstoRiches
Raising Dad,RaisingDad
Rambo,Rambo
Randall & Hopkirk (Dcsd.) (1969),RandallandHopkirk
Randall & Hopkirk (Dcsd.) (2000),RandallandHopkirkDeceased_2000
The Rat Patrol,RatPatrol
Raven,Raven
Rawhide,Rawhide
Rave Master,RaveMaster
Ray Bradbury Theatre,RayBradburyTheatre
Ready or Not,ReadyorNot
Real Advs. of Jonny Quest,RealAdventuresofJonnyQuest
Real Ghostbusters,RealGhostbusters
Real Kids&#44; Real Adventures,RealKidsRealAdventures
The Real McCoys,RealMcCoys
The Real Roseanne Show,RealRoseanneShow
Reasonable Doubts,ReasonableDoubts
Reba,Reba
The Rebel,Rebel
ReBoot,ReBoot
Rebus,Rebus
Recess,Recess
Red Cap,RedCap
Red Dwarf,RedDwarf
Red Shoe Diaries,RedShoeDiaries
Redcap (1964),Redcap_1964
Redigo,Redigo
Redwall,Redwall
ReGenesis,ReGenesis
Reign: The Conqueror,ReignTheConqueror
Reilly: Ace of Spies,ReillyAceofSpies
Related,Related
Relativity,Relativity
Relic Hunter,RelicHunter
Remember WENN,RememberWENN
Remington Steele,RemingtonSteele
The Ren and Stimpy Show,RenandStimpyShow
Renegade,Renegade
Renegades,Renegades
Renford Rejects,RenfordRejects
Reno 911!,Reno911
Renovate My Family,RenovateMyFamily
The Rerun Show,RerunShow
Rescue Heroes,RescueHeroes
Rescue Me (UK),RescueMe_UK
Rescue Me (US),RescueMe
Rescue 77,Rescue77
The Restaurant,Restaurant
Resurrection Blvd.,ResurrectionBlvd
Retrosexual,Retrosexual
Return of the Saint,ReturnoftheSaint
Return to the Planet of the Apes,ReturntothePlanetoftheApes
Reunion,Reunion
Reunited,Reunited
Revelations,Revelations
Rex the Runt,RextheRunt
Rhona,Rhona
Richard Diamond&#44; Private Detective,RichardDiamondPrivateDetective
Richard the Lionheart,RichardtheLionheart
Richie Brockelman&#44; Private Eye,RichieBrockelmanPrivateEye
Rides (UK),Rides_UK
The Rifleman,Rifleman
Rik Mayall Presents,RikMayallPresents
(Advs. of) Rin Tin Tin,AdventuresofRinTinTin
Rin Tin Tin K-9 Cop,KattsandDog
Ripley's Believe It or Not!,RipleysBelieveItorNot
The Ripping Friends,RippingFriends
Ripping Yarns,RippingYarns
Riptide,Riptide
Riptide (AU),Riptide_AU
Rising Damp,RisingDamp
The Road Home,RoadHome
Road to Avonlea,Avonlea
Roar,Roar
The Roaring 20's,Roaring20s
Robbery Homicide Division,RobberyHomicideDivision
(Advs. of) Robin Hood (1955),AdventuresofRobinHood
(New Advs. of) Robin Hood (1996),NewAdventuresofRobinHood
Robin of Sherwood (1984),RobinofSherwood
Robin's Nest,RobinsNest
RoboCop,Robocop
RoboCop: Alpha Commando,RobocopAlphaCommando
RoboCop: Prime Directives,RobocopPrimeDirectives
Robot Chicken,RobotChicken
Roc,Roc
Rock Follies,RockFollies
Rock Me Baby,RockMeBaby
Rocket Power,RocketPower
The Rockford Files,RockfordFiles
Rocky Jones&#44; Space Ranger,RockyJonesSpaceRanger
Rocky Road,RockyRoad
Rodney,Rodney
Roger Ebert & the Movies,RogerEbertandtheMovies
The Rogues,Rogues
Rome,Rome
Romeo!,Romeo
Ronin Warriors,RoninWarriors
The Rookies,Rookies
Room for Two,RoomforTwo
Room 101,Room101
The Ropers,Ropers
Roseanne,Roseanne
Roswell,Roswell
Roswell Conspiracies,RoswellConspiracies
Rough Science,RoughScience
Roughnecks: Starship Troopers Chron.,RoughnecksStarshipTroopers
Round the Twist,RoundtheTwist
Route 66,Route66
Route 66 (1993),Route66_1993
The Roy Rogers Show,RoyRogersShow
The Royle Family,RoyleFamily
Rude Awakening,RudeAwakening
Rugrats,Rugrats
Run of the House,RunoftheHouse
Running the Halls,RunningtheHalls
Rupert,Rupert
Rurouni Kenshin,RurouniKenshin
Ryan Caulfield: Year One,RyanCaulfieldYearOne
S Club 7,SClub7
Saber Rider and the Star Sheriffs,SaberRiderandtheStarSheriffs
Sable,Sable
Sabrina&#44; the Animated Series,SabrinatheAnimatedSeries
Sabrina&#44; the Teenage Witch,SabrinatheTeenageWitch
Sabrina's Secret Life,SabrinasSecretLife
The Saddle Club,SaddleClub
Safe Harbor,SafeHarbor
Sagwa&#44; the Chinese Siamese Cat,SagwatheChineseSiameseCat
Sailor Moon,SailorMoon
The Saint,Saint
Salvage 1,Salvage1
Sam's Game,SamsGame
Sammy,Sammy
Samurai Jack,SamuraiJack
The San Pedro Beach Bums,SanPedroBeachBums
The Sandbaggers,Sandbaggers
Sanford,Sanford
Sanford and Son,SanfordandSon
Saturday Night Live,SaturdayNightLive
Saturday Night Special,SaturdayNightSpecial
The Sausage Factory,NowWhat
Savannah,Savannah
The Save-Ums!,SaveUms
Saved by the Bell,SavedbytheBell
Saved by the Bell: College Years,SavedbytheBellTheCollegeYears
Saved by the Bell: New Class,SavedbytheBellTheNewClass
Scales of Justice,ScalesofJustice
Scare Tactics,ScareTactics
Scarecrow and Mrs. King,ScarecrowandMrsKing
The Scarlet Pimpernel (1956),ScarletPimpernel
The Scarlet Pimpernel (1999),ScarletPimpernel_1999
Scene of the Crime,SceneoftheCrime
The Scholar,Scholar
Science Fiction Theatre,ScienceFictionTheatre
Scotland Yard,ScotlandYard
Scout's Safari,ScoutsSafari
Screech Owls,ScreechOwls
Scrubs,Scrubs
SD Gundam,SDGundam
Sea Hunt (1958),SeaHunt
Sea Hunt (1987),SeaHunt_1987
Sea of Souls,SeaofSouls
SeaChange,Seachange
Sealab 2020,Sealab2020
Sealab 2021,Sealab2021
seaQuest,seaQuest
Sean's Show,SeansShow
Search,Search_1972
Second Chances,SecondChances
Second Half,SecondHalf
The Second Hundred Years,SecondHundredYears
Second Noah,SecondNoah
Second Sight,SecondSight
Second Time Around (2004),SecondTimeAround
Second Verdict,SecondVerdict
Secret Adventures of Jules Verne,SecretAdventuresofJulesVerne
Secret Agent,DangerMan
Secret Agent Man,SecretAgentMan
Secret Army,SecretArmy
Secret Diary of Adrian Mole,SecretDiaryofAdrianMole
Secret Diary of Desmond Pfeiffer,SecretDiaryofDesmondPfeiffer
Secret Files of the SpyDogs,SecretFilesoftheSpyDogs
Secret Lives of Men,SecretLivesofMen
Secret Service Guy,SecretServiceGuy
Secret&#44; Strange & True,SecretStrangeandTrue
Secret World of Alex Mack,SecretWorldofAlexMack
See How They Run,SeeHowTheyRun
Seeing Things,SeeingThings
Seinfeld,Seinfeld
Sell This House!,SellThisHouse
The Sentinel,Sentinel
Sergeant Bilko,PhilSilversShow
Seriously Weird,SeriouslyWeird
Serpico,Serpico
7 Days,7Days
704 Hauser,704Hauser
7th Heaven,7thHeaven
77 Sunset Strip,77SunsetStrip
Sex and the City,SexandtheCity
Sex&#44; Love & Secrets,SexLoveandSecrets
Shades of LA,ShadesofLA
Shadow Chasers,ShadowChasers
Shadow Raiders,WarPlanets
Shaft,Shaft
Shaky Ground,ShakyGround
Shaman King,ShamanKing
Shane,Shane
Shannon's Deal,ShannonsDeal
The Shapies,Shapies
Shasta,Shasta
Shazam!,Shazam
She Spies,SheSpies
She Wolf of London,SheWolfofLondon
Sheena (2000),Sheena
Sheep in the Big City,SheepintheBigCity
Sherlock Holmes (1954),SherlockHolmes_1954
Sherlock Holmes (1984),SherlockHolmes_1984
Sherlock Holmes (2000),SherlockHolmes_2000
Sherlock Holmes in the 22nd Century,SherlockHolmesinthe22ndCentury
Sherman Oaks,ShermanOaks
The Shield,Shield
Shinzo,Shinzo
(Advs. of) Shirley Holmes&#44; Detective,AdventuresofShirleyHolmes
Shoebox Zoo,ShoeboxZoo
Shoestring,Shoestring
The Show,Show
Show Me Yours,ShowMeYours
Sibs,Sibs
Sidekicks,Sidekicks
Sightings,Sightings
Significant Others (1998),SignificantOthers_1998
Significant Others (2004),SignificantOthers_2004
Silent Witness,SilentWitness
Silk Stalkings,SilkStalkings
Simon,Simon
Simon & Simon,SimonandSimon
The Simple Life (1998),SimpleLife_1998
The Simple Life (2003),SimpleLife_2003
The Simpsons,Simpsons
The Sinbad Show,SinbadShow
The Single Guy,SingleGuy
Sins of the City,SinsoftheCity
Sir Francis Drake,SirFrancisDrake
(Advs. of) Sir Lancelot,AdventuresofSirLancelot
Sirens,Sirens
Sister Kate,SisterKate
Sister&#44; Sister,SisterSister
Sisters,Sisters
Sitting Ducks,SittingDucks
Situation: Comedy,SituationComedy
Six Feet Under,SixFeetUnder
The Six Million Dollar Man,SixMillionDollarMan
Sixth Sense,SixthSense
Skate,Skate
Skating with Celebrities,SkatingwithCelebrities
Skin,Skin
Sky Trackers,SkyTrackers
Skysurfer Strike Force,SkysurferStrikeForce
Slattery's People,SlatterysPeople
Sledge Hammer!,SledgeHammer
Sleeper Cell,SleeperCell
Sleepwalkers,Sleepwalkers
Sliders,Sliders
Slinger's Day,SlingersDay
Slings & Arrows,SlingsandArrows
Small Shots,SmallShots
Smallville,Smallville
Smart Guy,SmartGuy
Snakes and Ladders,SnakesandLadders
Snapped,Snapped
Snoops (1989),Snoops_1989
Snoops (1999),Snoops
So Graham Norton,SoGrahamNorton
So Little Time,SoLittleTime
So Weird,SoWeird
So What Now?,SoWhatNow
So You Think You've Got Troubles,SoYouThinkYouveGotTroubles
Sob Sisters,SobSisters
Soldier of Fortune&#44; Inc.,SpecialOpsForce
Some of My Best Friends,SomeofMyBestFriends
Someone Like Me,SomeoneLikeMe
Something Is Out There,SomethingIsOutThere
Something So Right,SomethingSoRight
Something Wilder,SomethingWilder
Son of the Beach,SonoftheBeach
Sonic the Hedgehog (ABC),SonictheHedgehog_ABC
Sonic the Hedgehog (synd),SonictheHedgehog_synd
Sonic Underground,SonicUnderground
Sonic X,SonicX
Sons of Thunder,SonsofThunder
The Sopranos,Sopranos
Sorry!,Sorry
Soul Food,SoulFood
Soul Man,SoulMan
The South Bank Show,SouthBankShow
South Beach (1993),SouthBeach_1993
South Beach (2005),SouthBeach_2005
South Central,SouthCentral
South of Sunset,SouthofSunset
South Park,SouthPark
Space: Above and Beyond,SpaceAboveandBeyond
Space Ghost Coast to Coast,SpaceGhostCoasttoCoast
Space Island One,SpaceIslandOne
Space: 1999,Space1999
Space Precinct,SpacePrecinct
Spaced,Spaced
Sparkhouse,Sparkhouse
Sparks,Sparks
Spawn,Spawn
Special Branch,SpecialBranch
Special Ops Force,SpecialOpsForce
Special Unit 2,SpecialUnit2
Speed Racer (1967,SpeedRacer_1967
Speed Racer (2002,SpeedRacer_2002
Spender,Spender
Spenser: For Hire,SpenserForHire
Spicy City,SpicyCity
Spider-Man (2003),SpiderMan_2003
Spider-Man Unlimited,SpidermanUnlimited
Spin City,SpinCity
Spiral Zone,SpiralZone
SpongeBob SquarePants,SpongeBobSquarePants
Spooks,Spooks
Sports Night,SportsNight
Spy Game,SpyGame
Spy Groove,SpyGroove
Spy TV,SpyTV
Square Pegs,SquarePegs
St. Elsewhere,StElsewhere
Stacked,Stacked
Stand by Your Man,StandbyYourMan
Stanley,Stanley
Star Cops,StarCops
Star Search (2003),StarSearch_2003
Star Trek,StarTrek
Star Trek: Deep Space Nine,StarTrekDeepSpaceNine
Star Trek: Enterprise,StarTrekEnterprise
Star Trek: The Animated Series,StarTrekTheAnimatedSeries
Star Trek: The Next Generation,StarTrekTheNextGeneration
Star Trek: Voyager,StarTrekVoyager
Star Wars: Clone Wars,StarWarsCloneWars
Starcom: The US Space Force,Starcom
Stargate Atlantis,StargateAtlantis
Stargate: Infinity,StargateInfinity
Stargate SG-1,StargateSG1
Starhunter,Starhunter
Stark Raving Mad,StarkRavingMad
The Starlet,Starlet
The Starlost,Starlost
Starman,Starman
Stars with Hearts,StarswithHearts
Starsky & Hutch,StarskyandHutch
Starved,Starved
Stat,Stat
State of Grace,StateofGrace
State of Play,StateofPlay
Static Shock,StaticShock
Stella,Stella
Step by Step,StepbyStep
Stephen King's Golden Years,StephenKingsGoldenYears
Stephen King's Kingdom Hospital,StephenKingsKingdomHospital
Steve Canyon,SteveCanyon
The Steve Harvey Show,SteveHarveyShow
Steve Harvey's Big Time,SteveHarveysBigTime
Still Life,StillLife
Still Standing,StillStanding
Stingers,Stingers
Stingray (US),Stingray_US
The Stones,Stones
Strange,Strange
Strange Days at Blake Holsey High,StrangeDaysatBlakeHolseyHigh
Strange Frequency,StrangeFrequency
Strange Luck,StrangeLuck
Strange World,StrangeWorld
Strangers with Candy,StrangerswithCandy
The Street,Street
Street Hawk,StreetHawk
Street Justice,StreetJustice
Street Legal,StreetLegal
Street Time,StreetTime
The Streets of San Francisco,StreetsofSanFrancisco
Stressed Eric,StressedEric
The Strip,Strip
Strip Mall,StripMall
Stripperella,Stripperella
Strong Medicine,StrongMedicine
Stuart Little,StuartLittle
Student Bodies,StudentBodies
Studio 7,Studio7
Style and Substance,StyleandSubstance
Suddenly Susan,SuddenlySusan
Sue Thomas: F.B. Eye,SueThomasFBEye
Sugarfoot,Sugarfoot
The Suite Life of Zack & Cody,SuiteLifeofZackandCody
Summerland,Summerland
Sunday Dinner,SundayDinner
Sunnyside Farm,SunnysideFarm
Super Adventure Team,SuperAdventureTeam
Super Duper Sumos,SuperDuperSumos
Super Force,SuperForce
Super Robot Monkey Team,SuperRobotMonkeyTeamHyperForceGo
Superboy,Superboy
Supercarrier,Supercarrier
SuperHuman Samurai Syber-Squad,SuperHumanSamuraiSyberSquad
(Advs. of) Superman (1952),AdventuresofSuperman
Supernatural (1977),Supernatural_1977
Supernatural (2005),Supernatural
Superstar USA,SuperstarUSA
Surface,Surface
Surfside 6,Surfside6
The Surreal Life,SurrealLife
Survivor,Survivor
Survivors,Survivors
Suspense,Suspense
Suspense Theater,SuspenseTheater
The Swamp Fox,SwampFox
Swamp Thing,SwampThing
S.W.A.T.,SWAT
Swat Kats: The Radical Squadron,SwatKats
Sweating Bullets,SweatingBullets
Sweet Justice,SweetJustice
Swift Justice,SwiftJustice
Swiss Family Robinson (1998),SwissFamilyRobinson
Swiss Toni,SwissToni
Switch,Switch
Sword of Freedom,SwordofFreedom
Sword of Justice,SwordofJustice
Sydney,Sydney
Sylvester & Tweety Mysteries,SylvesterandTweetyMysteries
System Crash,SystemCrash
Tabitha,Tabitha
Tactical to Practical,TacticaltoPractical
Taina,Taina
Taken,Taken
Tales from the Crypt,TalesfromtheCrypt
Tales from the Cryptkeeper,TalesfromtheCryptkeeper
Tales from the Darkside,TalesfromtheDarkside
Tales from the Neverending Story,TalesfromtheNeverendingStory
Tales of the Gold Monkey,TalesoftheGoldMonkey
Tales of the Vikings,TalesoftheVikings
Tales of Tomorrow,TalesofTomorrow
TaleSpin,TaleSpin
Talk to Me,TalktoMe
Tama and Friends,TamaandFriends
Tandarra,Tandarra
Tanner '88,Tanner88
Tanner on Tanner,Tanner88
Target,Target
Target: The Corruptors,TargetTheCorruptors
Tarzan (1966),Tarzan_1966
Tarzan (1991),Tarzan_1991
Tarzan (2003),Tarzan_2003
Tarzan Lord of the Jungle (1976,Tarzan_1976
Tarzan The Epic Adventures (1996),TarzanTheEpicAdventures
Tattingers,Tattingers
Taxi,Taxi
Teacher's Pet,TeachersPet
Team Knight Rider,TeamKnightRider
TeamoSupremo,TeamoSupremo
Tech Effect,TechEffect
Teech,Teech
Teen Angel,TeenAngel
Teen Titans,TeenTitans
Teenage Mutant Ninja Turtles (1987,TeenageMutantNinjaTurtles
Teenage Mutant Ninja Turtles (2003,TeenageMutantNinjaTurtles_2003
TekWar,TekWar
Telly Addicts,TellyAddicts
Temporarily Yours,TemporarilyYours
Temptation Island,TemptationIsland
10-8,10-8
The 10%ers,10percenters
Tenchi Muyo!,TenchiMuyo
Tenspeed and Brown Shoe,TenspeedandBrownShoe
Terry Jones' Medieval Lives,TerryJonesMedievalLives
Texas John Slaughter,TexasJohnSlaughter
TFI Friday,TFIFriday
Thanks,Thanks
That '70s Show,That70sShow
That '80s Show,That80sShow
That Was Then,ThatWasThen
That's Life (1998),ThatsLife_1998
That's Life (2000),ThatsLife_2000
That's My Bush!,ThatsMyBush
That's So Raven,ThatsSoRaven
T.H.E. Cat,THECat
Thea,Thea
Then Came Bronson,ThenCameBronson
Then Came You,ThenCameYou
They Came from Outer Space,TheyCamefromOuterSpace
Thieves,Thieves
The Thin Blue Line,ThinBlueLine
Things I Hate About You,ThingsIHateAboutYou
The Third Man,ThirdMan
3rd Rock from the Sun,3rdRockfromtheSun
Third Watch,ThirdWatch
13 Ghosts of Scooby-Doo,13GhostsofScoobyDoo
30 Days,30Days
thirtysomething,thirtysomething
This is David Harper,ThisisDavid
This is David Lander,ThisisDavid
This Just In,ThisJustIn
This Life,ThisLife
Thomas and Sarah,ThomasandSarah
Thompson,Thompson
Threat Matrix,ThreatMatrix
Three,Three
The Three Musketeers,ThreeMusketeers
3 Non-Blondes,3NonBlondes
Three Sisters,ThreeSisters
3-South,3South
Three Wishes,ThreeWishes
Three's a Crowd,ThreesaCrowd
Three's Company,ThreesCompany
Threshold,Threshold
Thriller,Thriller
Thunder Alley,ThunderAlley
Thunder in Paradise,ThunderinParadise
ThunderCats,ThunderCats
The Tick (1994,Tick_1994
The Tick (2001),Tick_2001
Til Death Do Us Part: Carmen + Dave,TilDeathDoUsPartCarmenandDave
Tilt,Tilt
Time of Your Life,TimeofYourLife
Time Squad,TimeSquad
Time Trax,TimeTrax
Time Tunnel,TimeTunnel
Time Warp Trio,TimeWarpTrio
Timecop,Timecop
Timon & Pumbaa,TimonandPumbaa
Titans,Titans
Titus,Titus
T.J. Hooker,TJHooker
To Have and To Hold,ToHaveandToHold
To the Manor Born,TotheManorBorn
Toad Patrol,ToadPatrol
Today's Special,TodaysSpecial
Toddworld,Toddworld
Tokyo Pig,TokyoPig
Tom,Tom
The Tom Show,TomShow
Tom Stone,TomStone
The Tony Danza Show,TonyDanza
Toonheads,Toonheads
Top of the Heap,TopoftheHeap
Top Secret Life of Edgar Briggs,TopSecretLifeofEdgarBriggs
The Torkelsons,Torkelsons
The Tortellis,Tortellis
Total Recall 2070,TotalRecall2070
Total Security,TotalSecurity
Totally Circus,TotallyCircus
Totally Hoops,TotallyHoops
Totally Spies,TotallySpies
A Touch of Frost,TouchofFrost
Touched by an Angel,TouchedbyanAngel
Touching Evil (UK),TouchingEvil_UK
Touching Evil (US),TouchingEvil_US
Tour of Duty,TourofDuty
Townies,Townies
Trace Evidence,TraceEvidence
Tracker,Tracker
The Tracy Morgan Show,TracyMorganShow
Traders,Traders
Trading Spouses,TradingSpouses
Trailer Park Boys,TrailerParkBoys
Transformers,Transformers
Transformers: Armada,TransformersArmada
Transformers Cybertron,TransformersCybertron
Transformers: Robots in Disguise,TransformersRobotsinDisguise
TransGeneration,TransGeneration
Traps,Traps
Treasure,Treasure
Tremors,Tremors
Trials of O'Brien,TrialsofOBrien
The Triangle (2005),Triangle_2005
The Tribe (incomplete),Tribe
Trigger Happy TV,TriggerHappyTV
Trigun,Trigun
Trinity,Trinity
Tripper's Day,TrippersDay
Tripping the Rift,TrippingtheRift
Tropical Heat,SweatingBullets
The Trouble with Normal,TroublewithNormal
Tru Calling,TruCalling
True Blue,TrueBlue
Trust,Trust
Truth or Scare/b>,TruthorScare
Trying Times,TryingTimes
Tucker,Tucker
Turks,Turks
Tutenstein,Tutenstein
TV 101,TV101
TV Funhouse,TVFunhouse
TV Land Confidential,TVLandConfidential
TV Land Moguls,TVLandMoguls
TV Revolution,TVRevolution
TV Tales,TVTales
Twelve O'Clock High,TwelveOClockHigh
The 20th Century-Fox Hour,20thCenturyFoxHour
20/20 Downtown,2020Downtown
2030 CE,2030CE
21 Jump Street,21JumpStreet
24,24
24 Seven,24Seven
Twice in a Lifetime,TwiceinaLifetime
The Twilight Zone (1959),TwilightZone
The Twilight Zone (1985),TwilightZone_1985
The Twilight Zone (2002),TwilightZone_2002
Twin Peaks,TwinPeaks
Twins,Twins
A Twist in the Tale (1999),TwistintheTale
Twitch City,TwitchCity
Two,Two
Two and a Half Men,TwoandaHalfMen
Two Guys and a Girl,TwoGuysandaGirl
240-Robert,240Robert
Two of a Kind,TwoofaKind
2gether,2gether
Two Pints o/Lager & Packet o/Crisps,TwoPints
2 point 4 Children,2point4Children
2000 Malibu Road,2000MalibuRoad
UC: Undercover,UCUndercover
UFO,UFO
Ultimate Book of Spells,UltimateBookofSpells
Ultimate Film Fanatic,UltimateFilmFanatic
Ultimate Force,UltimateForce
Ultimate Muscle: The Kinnikuman Legacy,UltimateMuscle
Ultra 7,Ultra7
UltraForce,Ultraforce
Ultraman Tiga,UltramanTiga
Undeclared,Undeclared
Under Cover,UnderCover
Under One Roof,UnderOneRoof
Under Suspicion,UnderSuspicion
Undergrads,Undergrads
Unexplained Mysteries,UnexplainedMysteries
Unfabulous,Unfabulous
Unhappily Ever After,UnhappilyEverAfter
Union Square,UnionSquare
United States,UnitedStates
University Hospital,UniversityHospital
Unsolved History,UnsolvedHistory
Unsolved Mysteries,UnsolvedMysteries
Unsub,Unsub
An Unsuitable Job for a Woman,UnsuitableJobforaWoman
The Untouchables (1959),Untouchables
The Untouchables (1993),Untouchables_1993
The Upper Hand,UpperHand
Upstairs&#44; Downstairs,UpstairsDownstairs
Urban Angel,UrbanAngel
Urban Gothic,UrbanGothic
Valley of the Dinosaurs,ValleyoftheDinosaurs
Vampire High,VampireHigh
Van der Valk,VanDerValk
Vanishing Son,VanishingSon
Van-pires,Vanpires
Vegas,Vegas
Vengeance Unlimited,VengeanceUnlimited
Venom ER,VenomER
The Venture Bros.,VentureBros
Veritas: The Quest,VeritasTheQuest
Veronica Clare,VeronicaClare
Veronica Mars,VeronicaMars
Veronica's Closet,VeronicasCloset
A Very Peculiar Practice,VeryPeculiarPractice
VH1 ILL-ustrated,VH1ILLustrated
The Vicar of Dibley,VicarofDibley
The Vice,Vice
Vinnie & Bobby,VinnieandBobby
V.I.P.,VIP
Viper,Viper
The Virginian,Virginian
Virtual Murder,VirtualMurder
Vision of Escaflowne,Escaflowne
Visionaries,Visionaries
The Visitor,Visitor
Viva La Bam,VivaLaBam
Voltron: Defender of the Universe,VoltronDefenderoftheUniverse
Voltron: The Third Dimension,VoltronThe3rdDimension
Voyage to the Bottom of the Sea,VoyagetotheBottomoftheSea
Voyagers!,Voyagers
VR.5,VR5
VR Troopers,VRTroopers
Wackiest Ship in the Army,WackiestShipintheArmy
Wagon Train,WagonTrain
Waiting for God,WaitingforGod
Waking the Dead,WakingtheDead
A Walk in Your Shoes,WalkinYourShoes
Walker&#44; Texas Ranger,WalkerTexasRanger
Walt Disney Presents,WaltDisneyPresents
The Waltons,Waltons
Wanda at Large,WandaatLarge
Wanda Does It,WandaDoesIt
The Wanderer,Wanderer
Wanted,Wanted
Wanted: Dead or Alive,WantedDeadorAlive
The War at Home,WaratHome
The War Next Door,WarNextDoor
War Planets,WarPlanets
Wasteland,Wasteland
The Watcher,Watcher
Watching Ellie,WatchingEllie
The Water Margin,WaterMargin
The Wayans Bros.,WayansBros
The Wayne Brady Show,WayneBradyShow
The Wayne Manifesto,WayneManifesto
W.E.B.,WEB
The Weber Show,Cursed
Wednesday 9:30 (8:30 Central),Wednesday930830Central
Weeds,Weeds
The Weekenders,Weekenders
Weird-Ohs,WeirdOhs
Weird Science,WeirdScience
Weird U.S.,WeirdUS
Welcome Back&#44; Kotter,WelcomeBackKotter
Welcome to New York,WelcometoNewYork
Welcome to Paradox,WelcometoParadox
Werewolf,Werewolf
The West Wing,WestWing
The Westerner,Westerner
Wham! Bam! Strawberry Jam!,WhamBamStrawberryJam
What a Dummy,WhataDummy
What About Joan,WhatAboutJoan
What I Like About You,WhatILikeAboutYou
What's New Scooby-Doo?,WhatsNewScoobyDoo
What's with Andy?,WhatswithAndy
Whatever Happened to Robot Jones,WhateverHappenedtoRobotJones
When Things Were Rotten,WhenThingsWereRotten
Where I Live,WhereILive
Whiplash,Whiplash
The White Shadow,WhiteShadow
Whiz Kids,WhizKids
Who Wants to Be a Millionaire,WhoWantstoBeaMillionaire
Who's the Boss?,WhostheBoss
A Whole New Ballgame,WholeNewBallgame
Whoopi,Whoopi
Whoops Apocalypse,WhoopsApocalypse
Whose Line Is It Anyway? (UK),WhoseLineIsItAnyway_UK
Whose Line Is It Anyway? (US),WhoseLineIsItAnyway_US
Wicked Science,WickedScience
Wickedly Perfect,WickedlyPerfect
The Wide Country,WideCountry
Wife Swap,WifeSwap
Wild Card,WildCard
Wild Kat,WildKat
Wild Oats,WildOats
Wild West Tech,WildWestTech
Wildboyz,Wildboyz
WildC.A.T.S.,WildCATS
Wildfire,Wildfire
Wildside,Wildside
The Wild Thornberrys,WildThornberrys
The Wild Wild West,WildWildWest
Will & Grace,WillandGrace
(Advs. of) William Tell (1958),AdventuresofWilliamTell
William Tell (1987),Crossbow
(Legend of) William Tell (1998),LegendofWilliamTell
Wind at My Back,WindatMyBack
Wind on Water,WindonWater
Wing Commander Academy,WingCommanderAcademy
Wings,Wings
Winnetka Road,WinnetkaRoad
Winx Club,WinxClub
W.I.O.U.,WIOU
The Wire,Wire
Wire in the Blood,WireintheBlood
Wiseguy,Wiseguy
W.I.T.C.H.,WITCH
Witch Hunter Robin,WitchHunterRobin
Witchblade,Witchblade
With Malice,MIT
Without a Trace,WithoutaTrace
The Wizard,Wizard
Wizards and Warriors,WizardsandWarriors
WKRP in Cincinnati,WKRPinCincinnati
WMAC Masters,WMACMasters
Wodehouse Playhouse,WodehousePlayhouse
Wolf,Wolf
Wolf Lake,WolfLake
Wolf's Rain,WolfsRain
Women of the House,WomenoftheHouse
Wonder Showzen,WonderShowzen
Wonder Woman,WonderWoman
The Wonder Years,WonderYears
Wonderfalls,Wonderfalls
Wonderland,Wonderland
Woops!,Woops
Work With Me,WorkWithMe
Working,Working
World Cup Comedy,WorldCupComedy
World of Giants,WorldofGiants
World Poker Tour,WorldPokerTour
The Worst Witch,WorstWitch
Worzel Gummidge,WorzelGummidge
The Wright Verdicts,WrightVerdicts
Wycliffe,Wycliffe
Current Shows,current
Schedule Grid,grid
Fall Grid,shtml
celebfanmail.com,com
A,menua
X-Men: Evolution,XMenEvolution
Xcalibur,Xcalibur
Xena: Warrior Princess,XenaWarriorPrincess
Xiaolin Showdown,XiaolinShowdown
Xyber 9: New Dawn,Xyber9NewDawn
Yakkity Yak,YakkityYak
Yancy Derringer,YancyDerringer
Yearbook,Yearbook
The Yellow Rose,YellowRose
Yes&#44; Dear,YesDear
Yes&#44; Minister,YesMinister
Yes&#44; Prime Minister,YesMinister
You Must Be the Husband,YouMustBetheHusband
You Wish,YouWish
Young Americans,YoungAmericans
Young Blades,YoungBlades
Young Hercules,YoungHercules
The Young Indiana Jones Chronicles,YoungIndianaJonesChronicles
Young Maverick,YoungMaverick
The Young Ones,YoungOnes
The Young Pioneers,YoungPioneers
The Young Rebels,YoungRebels
The Young Riders,YoungRiders
You're the One,YouretheOne
Yu-Gi-Oh!,YuGiOh
Yu Yu Hakusho,YuYuHakusho
Yvon of the Yukon,YvonoftheYukon
The Zack Files,ZackFiles
Zalman King's Red Shoe Diaries,RedShoeDiaries
Zatch Bell,ZatchBell
The Zeta Project,ZetaProject
Zixx: Level One,ZixxLevelOne
Zoe...,Zoe
Zoe Busiek: Wild Card,WildCard
Zoey 101,Zoey101
Zoids,Zoids
Zorro (1957),Zorro_1957
Zorro (1981,Zorro_1981
Zorro (1990),Zorro_1990
Zorro (1997,Zorro_1997
Zorro and Son,ZorroandSon
